no,site_id,nama,kategori,kabupaten,branch,cluster,long,lat,distance
1,MGR071,Masjid AAL Karim,Tempat Ibadah,BELITUNG TIMUR,PANGKAL PINANG,BANGKA SELATAN,108.10042,-3.013528,1.33
2,MGR071,SMPN 2 Gantung,Sekolah / Kampus,BELITUNG TIMUR,PANGKAL PINANG,BANGKA SELATAN,108.086449,-3.028596,0.97
3,MGR071,Kantor Desa,Perkantoran,BELITUNG TIMUR,PANGKAL PINANG,BANGKA SELATAN,108.096198,-3.019106,0.57
4,MGR071,Kantor KPHP ,Perkantoran,BELITUNG TIMUR,PANGKAL PINANG,BANGKA SELATAN,108.083268,-3.030512,1.37
5,MGR071,Kantor Desa,Perkantoran,BELITUNG TIMUR,PANGKAL PINANG,BANGKA SELATAN,108.096198,-3.019106,0.57
6,MGR071,Kantor KPHP ,Perkantoran,BELITUNG TIMUR,PANGKAL PINANG,BANGKA SELATAN,108.083268,-3.030512,1.37
7,TJN005,Musholla Al Halim,Tempat Ibadah,BELITUNG,PANGKAL PINANG,BANGKA SELATAN,107.654367,-2.775822,0.52
8,TJN005,SDN 42 TANJUNG PANDAN,Sekolah / Kampus,BELITUNG,PANGKAL PINANG,BANGKA SELATAN,107.652146,-2.779372,0.14
9,TJN005,Masjid AT TAQWA,Tempat Ibadah,BELITUNG,PANGKAL PINANG,BANGKA SELATAN,107.64922,-2.780771,0.44
10,TJN005,Musholla Al Halim,Tempat Ibadah,BELITUNG,PANGKAL PINANG,BANGKA SELATAN,107.654367,-2.775822,0.52
11,TJN005,SDN 42 TANJUNG PANDAN,Sekolah / Kampus,BELITUNG,PANGKAL PINANG,BANGKA SELATAN,107.652146,-2.779372,0.14
12,TJN005,Masjid AT TAQWA,Tempat Ibadah,BELITUNG,PANGKAL PINANG,BANGKA SELATAN,107.64922,-2.780771,0.44
13,TJN005,Restoran xing fu,Hang Out Place (Café / Mall),BELITUNG,PANGKAL PINANG,BANGKA SELATAN,107.664381,-2.774054,1.44
14,TJN005,Pelanggi Waterpark Belitung,Tempat Wisata,BELITUNG,PANGKAL PINANG,BANGKA SELATAN,107.651913,-2.782051,0.3
15,TJN005,Praktik Dokter Anak Belitung,Rumah Sakit,BELITUNG,PANGKAL PINANG,BANGKA SELATAN,107.652928,-2.784432,0.48
16,TJN005,XYZ Meet Up Zone Belitung,Tempat Wisata,BELITUNG,PANGKAL PINANG,BANGKA SELATAN,107.640818,-2.78218,1.39
17,KOB019,"Masjid Jabl nur.kemingking,sungai",Tempat Ibadah,BANGKA TENGAH,PANGKAL PINANG,BANGKA SELATAN,106.131555,-2.45903,0.36
18,KOB019,Kantor desa kemingking,Perkantoran,BANGKA TENGAH,PANGKAL PINANG,BANGKA SELATAN,106.132331,-2.458214,0.37
19,KOB019,SD Negeri 7 sungai selan,Sekolah / Kampus,BANGKA TENGAH,PANGKAL PINANG,BANGKA SELATAN,106.132117,-2.460236,0.51
20,KOB019,sdn 15 sungaiselan,Sekolah / Kampus,BANGKA TENGAH,PANGKAL PINANG,BANGKA SELATAN,106.131291,-2.462646,0.71
21,TBI110,SDN7 RANGGAS,Sekolah / Kampus,BANGKA SELATAN,PANGKAL PINANG,BANGKA SELATAN,106.372991,-2.590457,0.85
22,TBI110,SDN7 AIRGEGAS,Sekolah / Kampus,BANGKA SELATAN,PANGKAL PINANG,BANGKA SELATAN,106.372613,-2.589371,0.87
23,TBI110,Masjid/Mushollah,Tempat Ibadah,BANGKA SELATAN,PANGKAL PINANG,BANGKA SELATAN,106.373366,-2.596127,0.11
24,TBI024,SMPN 2 Tobali,Sekolah / Kampus,BANGKA SELATAN,PANGKAL PINANG,BANGKA SELATAN,106.460266,-2.993401,0.66
25,TBI024,Masjid Al-Fitrah,Tempat Ibadah,BANGKA SELATAN,PANGKAL PINANG,BANGKA SELATAN,106.461797,-2.991138,0.56
26,TBI024,Kantor Lurah Teladan,Perkantoran,BANGKA SELATAN,PANGKAL PINANG,BANGKA SELATAN,106.461377,-2.992339,0.63
27,TBI024,Masjid Siratol Mustaqim,Tempat Ibadah,BANGKA SELATAN,PANGKAL PINANG,BANGKA SELATAN,106.453518,-2.998002,1.21
28,NTB049,Madrasah Diniyah Tahfidz al-ihsan,Sekolah / Kampus,BANGKA BARAT,PANGKAL PINANG,BANGKA UTARA,105.433164,-1.721792,0.23
29,NTB049, Masjid Jami,Tempat Ibadah,BANGKA BARAT,PANGKAL PINANG,BANGKA UTARA,105.4336,-1.723438,0.07
30,NTB049,SD Negeri 5 Jebus,Sekolah / Kampus,BANGKA BARAT,PANGKAL PINANG,BANGKA UTARA,105.434453,-1.719571,0.29
31,NTB014,Masjid Baiturahman,Tempat Ibadah,BANGKA BARAT,PANGKAL PINANG,BANGKA UTARA,105.736326,-1.818651,0.41
32,NTB014,Kantor Pemerintah Desa Tuik,Perkantoran,BANGKA BARAT,PANGKAL PINANG,BANGKA UTARA,105.736747,-1.81698,0.19
33,NTB014,SDN 5 Kelapa,Sekolah / Kampus,BANGKA BARAT,PANGKAL PINANG,BANGKA UTARA,105.735051,-1.816197,0.22
34,NTB014,Sdn 05 Ds Tuk Kec Kelapa,Sekolah / Kampus,BANGKA BARAT,PANGKAL PINANG,BANGKA UTARA,105.729509,-1.805492,1.39
35,MTK135,Cafe Pempek Tasya,Hang Out Place (Café / Mall),BANGKA BARAT,PANGKAL PINANG,BANGKA UTARA,105.683958,-1.885966,1.07
36,MTK135,FOOD N CAFE,Hang Out Place (Café / Mall),BANGKA BARAT,PANGKAL PINANG,BANGKA UTARA,105.681612,-1.884992,1.33
37,MTK135,Musholla Al-Hidayah,Tempat Ibadah,BANGKA BARAT,PANGKAL PINANG,BANGKA UTARA,105.697796,-1.890114,0.74
38,MTK135,SMA Negeri 1 Kelapa,Sekolah / Kampus,BANGKA BARAT,PANGKAL PINANG,BANGKA UTARA,105.698953,-1.888655,0.72
39,MTK135,Balai Penyuluhan Pertanian,Perkantoran,BANGKA BARAT,PANGKAL PINANG,BANGKA UTARA,105.7001,-1.889017,0.85
40,MTK135,SDN Negeri 15 Kelapa,Sekolah / Kampus,BANGKA BARAT,PANGKAL PINANG,BANGKA UTARA,105.701095,-1.892123,1.15
41,SLT077,Surau An Nur,Tempat Ibadah,BANGKA,PANGKAL PINANG,BANGKA UTARA,106.125384,-1.87018,0.85
42,SLT077,Paud Ananda Gemilang,Sekolah / Kampus,BANGKA,PANGKAL PINANG,BANGKA UTARA,106.127061,-1.872442,0.55
43,SLT077,Masjid Nurul Imah,Tempat Ibadah,BANGKA,PANGKAL PINANG,BANGKA UTARA,106.120738,-1.875336,1.19
44,SLT077,SDN 13 Sungailiat,Sekolah / Kampus,BANGKA,PANGKAL PINANG,BANGKA UTARA,106.123877,-1.871836,0.89
45,SLT077,MASJID AR-ROKI'IN,Tempat Ibadah,BANGKA,PANGKAL PINANG,BANGKA UTARA,106.123737,-1.864412,1.42
46,SLT077,PT.ATD MAKMUR MANDIRI,Perkantoran,BANGKA,PANGKAL PINANG,BANGKA UTARA,106.134457,-1.866425,0.97
47,SLT077,PT.Mitra Stania Prima,Perkantoran,BANGKA,PANGKAL PINANG,BANGKA UTARA,106.134808,-1.86441,1.22
48,NTB112,TARU cafe,Hang Out Place (Café / Mall),PENUKAL ABAB LEMATANG ILIR,PALEMBANG,BANYUASIN,104.055934,-3.212006,1.44
49,NTB112,PAUD AL GURA SAKTI,Sekolah / Kampus,PENUKAL ABAB LEMATANG ILIR,PALEMBANG,BANYUASIN,104.054752,-3.208122,1
50,NTB112,SD NEGERI 7 PENUKAL,Sekolah / Kampus,PENUKAL ABAB LEMATANG ILIR,PALEMBANG,BANYUASIN,104.049166,-3.203219,0.19
51,NTB112,Masjid Nurul Iman,Tempat Ibadah,PENUKAL ABAB LEMATANG ILIR,PALEMBANG,BANYUASIN,104.052152,-3.20677,0.7
52,NTB112,Kantor Kepala Desa Sukaraja,Perkantoran,PENUKAL ABAB LEMATANG ILIR,PALEMBANG,BANYUASIN,104.047195,-3.201584,0.14
53,PBI146,SD Negeri Banyuasin 1,Sekolah / Kampus,BANYU ASIN,PALEMBANG,BANYUASIN,104.943275,-2.90084,1.23
54,PBI146,Masjid jamiatul muslim,Tempat Ibadah,BANYU ASIN,PALEMBANG,BANYUASIN,104.943163,-2.90045,1.26
55,PBI146,Kantor desa panca desa,Perkantoran,BANYU ASIN,PALEMBANG,BANYUASIN,104.946519,-2.922541,1.2
56,PBI146,Kantor Koperasi Desa Merah Putih,Perkantoran,BANYU ASIN,PALEMBANG,BANYUASIN,104.948208,-2.923642,1.37
57,PBI146,SDN 6 AIR KUMBANG,Sekolah / Kampus,BANYU ASIN,PALEMBANG,BANYUASIN,104.949157,-2.922964,1.34
58,PBI146,Masjid pal lima banyuasin 1,Tempat Ibadah,BANYU ASIN,PALEMBANG,BANYUASIN,104.946595,-2.923414,1.31
59,PBI136,Masjid Nurul Ikhlas,Tempat Ibadah,BANYU ASIN,PALEMBANG,BANYUASIN,104.883231,-2.480578,1.1
60,PBI136,Masjid darut taqwa,Tempat Ibadah,BANYU ASIN,PALEMBANG,BANYUASIN,104.885355,-2.487963,0.3
61,PBI136,PT.SINAR KRISNA LOGISTIK,Perkantoran,BANYU ASIN,PALEMBANG,BANYUASIN,104.888435,-2.488551,0.12
62,PBI136,Musholla Darul Hikmah,Tempat Ibadah,BANYU ASIN,PALEMBANG,BANYUASIN,104.884557,-2.493818,0.6
63,PBI136,musola baiturahman,Tempat Ibadah,BANYU ASIN,PALEMBANG,BANYUASIN,104.884675,-2.50183,1.43
64,PBI136,SMAN 1 Sumber Marga Telang,Sekolah / Kampus,BANYU ASIN,PALEMBANG,BANYUASIN,104.89931,-2.486821,1.33
65,PBI094,Masjid Al-Husen,Tempat Ibadah,BANYU ASIN,PALEMBANG,BANYUASIN,104.615478,-2.906648,1.05
66,PBI094,Paud Al-Hafiz,Sekolah / Kampus,BANYU ASIN,PALEMBANG,BANYUASIN,104.614578,-2.907604,1.14
67,PBI094,SDN 6 TALANG KELAPA,Sekolah / Kampus,BANYU ASIN,PALEMBANG,BANYUASIN,104.616311,-2.910029,1.42
68,PBI094,SMPS Yapi Air Batu,Sekolah / Kampus,BANYU ASIN,PALEMBANG,BANYUASIN,104.61695,-2.906064,1
69,PBI094,Musolla AN'NUR,Tempat Ibadah,BANYU ASIN,PALEMBANG,BANYUASIN,104.619352,-2.905544,1.07
70,PBI094,SDN 15 Talang Kelapa,Sekolah / Kampus,BANYU ASIN,PALEMBANG,BANYUASIN,104.622499,-2.907907,1.47
71,PBI094,Masjid Baitul Mukminim Air Batu,Tempat Ibadah,BANYU ASIN,PALEMBANG,BANYUASIN,104.623802,-2.903482,1.23
72,PBI094,sdn 31 Talang Kelapa,Sekolah / Kampus,BANYU ASIN,PALEMBANG,BANYUASIN,104.622977,-2.901534,1.04
73,PBI094,Masjid Fiasol Ghozi,Tempat Ibadah,BANYU ASIN,PALEMBANG,BANYUASIN,104.612586,-2.902969,0.67
74,PBI094,Masjid Nurul Iman Sungai Rengit,Tempat Ibadah,BANYU ASIN,PALEMBANG,BANYUASIN,104.611541,-2.899073,0.39
75,PBI094,SMP Negeri 2 Talang Kelapa,Sekolah / Kampus,BANYU ASIN,PALEMBANG,BANYUASIN,104.611145,-2.894672,0.48
76,PBI094,Masjid Nurul Bakti ,Tempat Ibadah,BANYU ASIN,PALEMBANG,BANYUASIN,104.611976,-2.895445,0.36
77,PBI094,Masjid LDII Sungai Rengit,Tempat Ibadah,BANYU ASIN,PALEMBANG,BANYUASIN,104.615895,-2.897199,0.17
78,PBI036,Lapas Narkotika Banyuasin,Perkantoran,BANYU ASIN,PALEMBANG,BANYUASIN,104.643646,-2.93451,0.76
79,PBI036,PT.Sariguna Primatirta,Perkantoran,BANYU ASIN,PALEMBANG,BANYUASIN,104.652565,-2.932149,0.46
80,PBI036,Pasar Kalangan Tiga Putri,Pasar ,BANYU ASIN,PALEMBANG,BANYUASIN,104.658812,-2.937177,0.95
81,PBI036,Masjid An Nurdin,Tempat Ibadah,BANYU ASIN,PALEMBANG,BANYUASIN,104.659454,-2.932744,1.06
82,PBI036,SDN 34 Talang Kelapa,Sekolah / Kampus,BANYU ASIN,PALEMBANG,BANYUASIN,104.65943,-2.932255,1.08
83,PBI036,Paud Annisa Gumay,Sekolah / Kampus,BANYU ASIN,PALEMBANG,BANYUASIN,104.649049,-2.939716,0.48
84,PBI036,Masjid As-Salam,Tempat Ibadah,BANYU ASIN,PALEMBANG,BANYUASIN,104.642855,-2.932141,0.93
85,PBI036,Masjid Nurul Hidayah,Tempat Ibadah,BANYU ASIN,PALEMBANG,BANYUASIN,104.65253,-2.947234,1.33
86,PBI036,Ponpes Salafiyah Darussalam,Sekolah / Kampus,BANYU ASIN,PALEMBANG,BANYUASIN,104.652412,-2.943338,0.9
87,PBI036,Yayasan Miteraya Sriwijaya,Sekolah / Kampus,BANYU ASIN,PALEMBANG,BANYUASIN,104.655052,-2.947585,1.42
88,AGR048,Masjid Bitut Taqwa,Tempat Ibadah,BENGKULU UTARA,BENGKULU,BENGKULU,102.164914,-3.357185,1.34
89,AGR048,SMPN 30 Bengkulu Utara,Sekolah / Kampus,BENGKULU UTARA,BENGKULU,BENGKULU,102.179,-3.359459,0.35
90,AGR048,Kantor Desa Sido Luhur,Perkantoran,BENGKULU UTARA,BENGKULU,BENGKULU,102.177577,-3.37004,1.45
91,AGR048,Kantor pengawas bendung DAM,Perkantoran,BENGKULU UTARA,BENGKULU,BENGKULU,102.179018,-3.355495,0.29
92,AGR048,Nurul Iman Mosque,Tempat Ibadah,BENGKULU UTARA,BENGKULU,BENGKULU,102.182753,-3.35384,0.73
93,AGR173,Masjid Nurul Ihsan,Tempat Ibadah,BENGKULU UTARA,BENGKULU,BENGKULU,101.643146,-3.230653,0.77
94,AGR173,AL Djihab Mosque,Tempat Ibadah,BENGKULU UTARA,BENGKULU,BENGKULU,101.634336,-3.228789,0.85
95,AGR173,Masjid/Mushollah,Tempat Ibadah,BENGKULU UTARA,BENGKULU,BENGKULU,101.647324,-3.218846,0.93
96,AGR173,Klinik Bidan RITA,Rumah Sakit,BENGKULU UTARA,BENGKULU,BENGKULU,101.63636,-3.22568,0.48
97,NTB110,Masjid Kota Lekat,Tempat Ibadah,BENGKULU UTARA,BENGKULU,BENGKULU,102.267995,-3.510225,0.58
98,NTB110,Kantor Desa Lekat Ilir,Perkantoran,BENGKULU UTARA,BENGKULU,BENGKULU,102.268082,-3.509332,0.47
99,NTB110,MASJIDSYUHADA DESA KEDU BARU,Tempat Ibadah,BENGKULU UTARA,BENGKULU,BENGKULU,102.27074,-3.51563,1.2
100,NTB110,SDN 034 BENGKULU UTARA,Sekolah / Kampus,BENGKULU UTARA,BENGKULU,BENGKULU,102.277728,-3.513824,1.38
101,NTB110,AMP PT. Bunga Mas Perkasa,Perkantoran,BENGKULU UTARA,BENGKULU,BENGKULU,102.277506,-3.511843,1.21
102,MKO054,HOTEL RAFFLECIA,Hang Out Place (Café / Mall),BENGKULU UTARA,BENGKULU,BENGKULU,101.295483,-2.616921,0.51
103,MKO054,J&T EXPRESS,Perkantoran,MUKOMUKO,BENGKULU,BENGKULU,101.291596,-2.61834,0.06
104,MKO054,Pasar Senen Penarik,Pasar ,MUKOMUKO,BENGKULU,BENGKULU,101.29702,-2.614847,0.77
105,MKO054,Toko Fitri Darwin,Pasar ,MUKOMUKO,BENGKULU,BENGKULU,101.299246,-2.614634,1
106,MKO054,Istana Playground Kimberly,Hang Out Place (Café / Mall),MUKOMUKO,BENGKULU,BENGKULU,101.300557,-2.612832,1.23
107,SPN105,Musholla Darul Ma'ruf,Tempat Ibadah,KERINCI,JAMBI,KERINCI MERANGIN,101.542804,-2.105334,0.46
108,SPN105,Pasar Selasa Kota Baru,Pasar ,KERINCI,JAMBI,KERINCI MERANGIN,101.542706,-2.103381,0.24
109,SPN105,Islamic Junior High School,Sekolah / Kampus,KERINCI,JAMBI,KERINCI MERANGIN,101.543048,-2.100695,0.07
110,SPN105,TPA/TPSA Darussalam,Sekolah / Kampus,KERINCI,JAMBI,KERINCI MERANGIN,101.545311,-2.09742,0.5
111,SPN105,BBI Balai Benih Induk Ikan,Perkantoran,KERINCI,JAMBI,KERINCI MERANGIN,101.545788,-2.092829,1.02
112,SPN121,Masjid Makmur Mosque,Tempat Ibadah,KOTA SUNGAI PENUH,JAMBI,KERINCI MERANGIN,101.378291,-2.077048,1
113,SPN121,Puskesmas Sungai Buntai,Rumah Sakit,KOTA SUNGAI PENUH,JAMBI,KERINCI MERANGIN,101.371772,-2.080876,0.21
114,SPN121,SD Negeri 019 Sungai Jernih,Sekolah / Kampus,KOTA SUNGAI PENUH,JAMBI,KERINCI MERANGIN,101.383356,-2.080835,1.33
115,BKO092,Masjid Addi Nurul Hidayat,Tempat Ibadah,MERANGIN,JAMBI,KERINCI MERANGIN,101.979841,-2.384023,0.61
116,BKO092,Masjid Lama,Tempat Ibadah,MERANGIN,JAMBI,KERINCI MERANGIN,101.98311,-2.384209,0.26
117,BKO101,SDN No.121/VI Aur Berduri,Sekolah / Kampus,MERANGIN,JAMBI,KERINCI MERANGIN,102.202894,-2.005779,"0,44"
118,BKO101,Kantor Desa Aur Berduri,Perkantoran,MERANGIN,JAMBI,KERINCI MERANGIN,102.204164,-2.00535,"0,30"
119,BKO101,Toko Bangko Sports,Pasar ,MERANGIN,JAMBI,KERINCI MERANGIN,102.205431,-2.005306,"0,18"
120,BKO101,Bumi Perkemahan Merangin,Tempat Wisata,MERANGIN,JAMBI,KERINCI MERANGIN,102.20545,-2.005579,"0,20"
121,BKO101,Masjid Jabal Nur,Tempat Ibadah,MERANGIN,JAMBI,KERINCI MERANGIN,102.210667,-1.999512,"0,69"
122,BKO101,Toko Sembako Auliya,Pasar ,MERANGIN,JAMBI,KERINCI MERANGIN,102.198866,-2.00416,"0,85"
123,KLA343,Musholla Nurul Yaqin,Tempat Ibadah,LAMPUNG SELATAN,LAMPUNG,KOTA BANDAR LAMPUNG,105.318447,-5.322123,"1,38"
124,KLA343,SMP Negeri 1 Jati Agung,Sekolah / Kampus,LAMPUNG SELATAN,LAMPUNG,KOTA BANDAR LAMPUNG,105.327839,-5.328598,"0,17"
125,KLA343,Klinik Pratama Bhakti Kasih,Rumah Sakit,LAMPUNG SELATAN,LAMPUNG,KOTA BANDAR LAMPUNG,105.321248,-5.320909,"1,37"
127,KLA343,SDN 1 Marga Agung,Sekolah / Kampus,LAMPUNG SELATAN,LAMPUNG,KOTA BANDAR LAMPUNG,105.323756,-5.319874,"1,26"
128,KLA343,GKSBS Jati Agung,Perkantoran,LAMPUNG SELATAN,LAMPUNG,KOTA BANDAR LAMPUNG,105.324195,-5.319579,"1,24"
129,KLA343,Rumah Kasih Lampung ,Perkantoran,LAMPUNG SELATAN,LAMPUNG,KOTA BANDAR LAMPUNG,105.331794,-5.33291,"0,53"
130,KLA343,Musholla baiturrohman ,Tempat Ibadah,LAMPUNG SELATAN,LAMPUNG,KOTA BANDAR LAMPUNG,105.32965,-5.329422,"0,22"
131,KLA343,Pp. Roudiatul Qur'an ,Sekolah / Kampus,LAMPUNG SELATAN,LAMPUNG,KOTA BANDAR LAMPUNG,105.32226,-5.322724,"1,05"
132,KLA343,Musholla Al-Mubarok,Tempat Ibadah,LAMPUNG SELATAN,LAMPUNG,KOTA BANDAR LAMPUNG,105.322411,-5.322494,"1,05"
133,KLA343,Musholla Al-Islam,Tempat Ibadah,LAMPUNG SELATAN,LAMPUNG,KOTA BANDAR LAMPUNG,105.326927,-5.33294,0.33
134,KLA343,Masjid Nurul Falah,Tempat Ibadah,LAMPUNG SELATAN,LAMPUNG,KOTA BANDAR LAMPUNG,105.32107,-5.31946,"1,42"
135,KLA343,Masjid Nurul Huda,Tempat Ibadah,LAMPUNG SELATAN,LAMPUNG,KOTA BANDAR LAMPUNG,105.322077,-5.330823,"0,65"
136,KLA343,Toko Salwa Here,Pasar ,LAMPUNG SELATAN,LAMPUNG,KOTA BANDAR LAMPUNG,105.31648,-5.332166,"1,29"
137,KLA343,Toko Pe-i Karisma Tani,Pasar ,LAMPUNG SELATAN,LAMPUNG,KOTA BANDAR LAMPUNG,105.321249,-5.331318,"0,75"
138,KLA343,Paud Nadila,Sekolah / Kampus,LAMPUNG SELATAN,LAMPUNG,KOTA BANDAR LAMPUNG,105.323089,-5.331007,"0,55"
139,KLA343,PT. JAFA INDO CORPORA ,Perkantoran,LAMPUNG SELATAN,LAMPUNG,KOTA BANDAR LAMPUNG,105.3159,-5.328144,"1,35"
140,KLA340,RM. Hutaraja Kalianda,Hang Out Place (Café / Mall),LAMPUNG SELATAN,LAMPUNG,KOTA BANDAR LAMPUNG,105.667399,-5.735577,"1,42"
141,KLA340,Paud Pelita,Sekolah / Kampus,LAMPUNG SELATAN,LAMPUNG,KOTA BANDAR LAMPUNG,105.665593,-5.739409,"1,48"
142,KLA340,TPA ALMUKLISIN,Sekolah / Kampus,LAMPUNG SELATAN,LAMPUNG,KOTA BANDAR LAMPUNG,105.665659,-5.739837," 1,49"
143,KLA340,Masjid,Tempat Ibadah,LAMPUNG SELATAN,LAMPUNG,KOTA BANDAR LAMPUNG,105.668122,-5.73478,"1,40"
144,KLA340,Klinik Dr Yulia Astari,Rumah Sakit,LAMPUNG SELATAN,LAMPUNG,KOTA BANDAR LAMPUNG,105.673025,-5.739551,"0,68"
145,KLA340,Kantor desa Kelau,Perkantoran,LAMPUNG SELATAN,LAMPUNG,KOTA BANDAR LAMPUNG,105.666218,-5.742033,"1,42"
146,KLA340,SD Negeri Ruang Tengah,Sekolah / Kampus,LAMPUNG SELATAN,LAMPUNG,KOTA BANDAR LAMPUNG,105.669174,-5.742219,"1,10"
147,KLA340,Masjid Nurul Iman,Tempat Ibadah,LAMPUNG SELATAN,LAMPUNG,KOTA BANDAR LAMPUNG,105.665861,-5.741858,"1,46"
148,KLA340,Masjid Nurul Islam,Tempat Ibadah,LAMPUNG SELATAN,LAMPUNG,KOTA BANDAR LAMPUNG,105.670383,-5.741742,0.96
149,KLA340,Kantor Desa Ruang Tengah,Perkantoran,LAMPUNG SELATAN,LAMPUNG,KOTA BANDAR LAMPUNG,105.670291,-5.742294,"0,97"
150,KLA340,Masjid Miftahul Falah,Tempat Ibadah,LAMPUNG SELATAN,LAMPUNG,KOTA BANDAR LAMPUNG,105.678642,-5.740239,"0,10"
151,KLA340,Kantor Desa Pasaruan,Perkantoran,LAMPUNG SELATAN,LAMPUNG,KOTA BANDAR LAMPUNG,105.679132,-5.739781,"0,15"
152,KLA340,SD Negeri 1 Pasuruan,Sekolah / Kampus,LAMPUNG SELATAN,LAMPUNG,KOTA BANDAR LAMPUNG,105.679802,-5.740509,"0,11"
153,KLA340,SMP  Muhammadiyah Penengahan,Sekolah / Kampus,LAMPUNG SELATAN,LAMPUNG,KOTA BANDAR LAMPUNG,105.680097,-5.738933,"0,27"
154,KLA340,Saint Peter and Paul Catholic Church,Tempat Ibadah,LAMPUNG SELATAN,LAMPUNG,KOTA BANDAR LAMPUNG,105.680698,-5.738097,"0,38"
155,KLA340,Mushola Al Barokah,Tempat Ibadah,LAMPUNG SELATAN,LAMPUNG,KOTA BANDAR LAMPUNG,105.688175,-5.742555,1.04
156,KLA340,Masjid Baitul Mukmin Kelaten,Tempat Ibadah,LAMPUNG SELATAN,LAMPUNG,KOTA BANDAR LAMPUNG,105.689115,-5.744051,"1,17"
157,KLA340,SMPN 1 Penengahan,Sekolah / Kampus,LAMPUNG SELATAN,LAMPUNG,KOTA BANDAR LAMPUNG,105.686867,-5.748358,"1,19"
158,KLA340,Musholla Al IKhlas Jatibening,Tempat Ibadah,LAMPUNG SELATAN,LAMPUNG,KOTA BANDAR LAMPUNG,105.686274,-5.749023,"1,19"
159,KLA340,Puskesmas Rawat Inap Penengahan,Rumah Sakit,LAMPUNG SELATAN,LAMPUNG,KOTA BANDAR LAMPUNG,105.684897,-5.749014,"1,10"
160,KLA340,Mushalla Darussalam,Tempat Ibadah,LAMPUNG SELATAN,LAMPUNG,KOTA BANDAR LAMPUNG,105.685965,-5.751322,"1,38"
161,KLA340,SDN 3 PASURUAN,Sekolah / Kampus,LAMPUNG SELATAN,LAMPUNG,KOTA BANDAR LAMPUNG,105.683215,-5.749964,1.1
162,KLA340,Pasar Pasuruan Penengahan,Pasar ,LAMPUNG SELATAN,LAMPUNG,KOTA BANDAR LAMPUNG,105.682755,-5.749324,"1,00"
163,KLA340,Masjid Baitul Muttaqin Pasuruan,Tempat Ibadah,LAMPUNG SELATAN,LAMPUNG,KOTA BANDAR LAMPUNG,105.678307,-5.74638,"0,59"
164,KLA340,Masjid Miftahul Huda,Tempat Ibadah,LAMPUNG SELATAN,LAMPUNG,KOTA BANDAR LAMPUNG,105.682357,-5.751858,"1,25"
165,KLA340,Bpp Penengahan,Perkantoran,LAMPUNG SELATAN,LAMPUNG,KOTA BANDAR LAMPUNG,105.675644,-5.745062,"0,58"
166,KLA340,Masjid Al Amin,Tempat Ibadah,LAMPUNG SELATAN,LAMPUNG,KOTA BANDAR LAMPUNG,105.683686,-5.743713,"0,60"
167,KLA340,SDN 2 Pasuruan ,Sekolah / Kampus,LAMPUNG SELATAN,LAMPUNG,KOTA BANDAR LAMPUNG,105.684899,-5.744985,"0,79"
167,KLA340,Paud Ananda Pasuruan,Sekolah / Kampus,LAMPUNG SELATAN,LAMPUNG,KOTA BANDAR LAMPUNG,105.684327,-5.745401,"0,76"
168,KLA174,Masjid AT TAQWA Dwidharma,Tempat Ibadah,LAMPUNG SELATAN,LAMPUNG,KOTA BANDAR LAMPUNG,105.171489,-5.314009,"0,41"
169,KLA174,Taman Sains Pertanian,Perkantoran,lAMPUNG SELATAN,LAMPUNG,KOTA BANDAR LAMPUNG,105.176291,-5.314879,"0,86"
170,KLA174,Kolam Renang Al Bani,Tempat Wisata,lAMPUNG SELATAN,LAMPUNG,KOTA BANDAR LAMPUNG,105.17772,-5.313592,"0,77"
171,KLA174,Masjid Nurussalam,Tempat Ibadah,LAMPUNG SELATAN,LAMPUNG,KOTA BANDAR LAMPUNG,105.182756,-5.316268,"0,13"
172,KLA174,Masjid Nurul Huda,Tempat Ibadah,LAMPUNG SELATAN,LAMPUNG,KOTA BANDAR LAMPUNG,105.185275,-5.31313,"0,46"
173,KLA174,Smpn 1 Natar,Sekolah / Kampus,LAMPUNG SELATAN,LAMPUNG,KOTA BANDAR LAMPUNG,105.190309,-5.310671,"1,00"
174,KLA174,Gereja GPIB NATAR,Tempat Ibadah,LAMPUNG SELATAN,LAMPUNG,KOTA BANDAR LAMPUNG,105.191013,-5.310205,"1,10"
175,KLA174,MOMOYO NATAR,Hang Out Place (Café / Mall),LAMPUNG SELATAN,LAMPUNG,KOTA BANDAR LAMPUNG,105.194821,-5.311114,"1,39"
176,KLA174,Natar Medika Hospital,Rumah Sakit,LAMPUNG SELATAN,LAMPUNG,KOTA BANDAR LAMPUNG,105.19574,-5.31216,"1,44"
177,KLA174,Surau Madinah Natar,Tempat Ibadah,LAMPUNG SELATAN,LAMPUNG,KOTA BANDAR LAMPUNG,105.196534,-5.317066,"1,42"
178,KLA174,Masjid Taqwa,Tempat Ibadah,LAMPUNG SELATAN,LAMPUNG,KOTA BANDAR LAMPUNG,105.197151,-5.317944,"1,50"
179,KLA174,SMP wiyata Karya Natar,Sekolah / Kampus,LAMPUNG SELATAN,LAMPUNG,KOTA BANDAR LAMPUNG,105.191736,-5.316186,"0,88"
180,KLA174,Musholla Nurul Huda Citerep,Tempat Ibadah,LAMPUNG SELATAN,LAMPUNG,KOTA BANDAR LAMPUNG,105.188634,-5.317502,"0,55"
181,KLA174,Pondok Pesantren Daarul Amiin,Sekolah / Kampus,LAMPUNG SELATAN,LAMPUNG,KOTA BANDAR LAMPUNG,105.177532,-5.310371,"1,00"
182,KLA174,SDN 1 Negararatu,Sekolah / Kampus,LAMPUNG SELATAN,LAMPUNG,KOTA BANDAR LAMPUNG,105.17861,-5.311832,"0,81"
183,KLA174,Masjid Nurul Ilman,Sekolah / Kampus,LAMPUNG SELATAN,LAMPUNG,KOTA BANDAR LAMPUNG,105.179194,-5.312872,"0,68"
184,KLA174,SD Negeri 1 Natar,Sekolah / Kampus,LAMPUNG SELATAN,LAMPUNG,KOTA BANDAR LAMPUNG,105.194242,-5.321115,"1,27"
185,KLA174,Klinik Kenanga,Rumah Sakit,LAMPUNG SELATAN,LAMPUNG,KOTA BANDAR LAMPUNG,105.192871,-5.323009,"1,22"
186,KLA174,Kolam Renang SILOAM,Tempat Wisata,LAMPUNG SELATAN,LAMPUNG,KOTA BANDAR LAMPUNG,105.194785,-5.323188,"1,41"
187,KLA174,PKBM Cahaya Karya Natar,Sekolah / Kampus,LAMPUNG SELATAN,LAMPUNG,KOTA BANDAR LAMPUNG,105.194625,-5.324104,"1,45"
188,KLA174,PKBM TRI DARMA SASTRA,Sekolah / Kampus,LAMPUNG SELATAN,LAMPUNG,KOTA BANDAR LAMPUNG,105.195211,-5.322235,"1,41"
189,KLA174,Masjid Jami Al-Ikhlas Sariejo Natar,Tempat Ibadah,LAMPUNG SELATAN,LAMPUNG,KOTA BANDAR LAMPUNG,105.190823,-5.323421,"1,07"
190,KLA174,Masjid Bapul Jannah,Tempat Ibadah,LAMPUNG SELATAN,LAMPUNG,KOTA BANDAR LAMPUNG,105.184692,-5.32848,"1,29"
191,BDL029,SMP Assafina,Sekolah / Kampus,KOTA BANDAR LAMPUNG,LAMPUNG,KOTA BANDAR LAMPUNG,105.261561,-5.456547,"1,28"
192,BDL029,Pondok Pesantern Safinatuddarain,Sekolah / Kampus,KOTA BANDAR LAMPUNG,LAMPUNG,KOTA BANDAR LAMPUNG,105.261478,-5.456834,"1,32"
193,BDL029,SD Negeri 1 Kota Karang,Sekolah / Kampus,KOTA BANDAR LAMPUNG,LAMPUNG,KOTA BANDAR LAMPUNG,105.261717,-5.455851,"1,20"
194,BDL029,Masjid Al - Anshor,Tempat Ibadah,KOTA BANDAR LAMPUNG,LAMPUNG,KOTA BANDAR LAMPUNG,105.262323,-5.455495,"1,16"
195,BDL029,Musholla Nurul Yaqin,Tempat Ibadah,KOTA BANDAR LAMPUNG,LAMPUNG,KOTA BANDAR LAMPUNG,105.257515,-5.456984,"1,46"
196,BDL029,Masjid Al Muhajirin,Tempat Ibadah,KOTA BANDAR LAMPUNG,LAMPUNG,KOTA BANDAR LAMPUNG,105.26146,-5.454015,"1,01"
197,BDL029,Masjid Jami' As Syuhada,Tempat Ibadah,KOTA BANDAR LAMPUNG,LAMPUNG,KOTA BANDAR LAMPUNG,105.25734,-5.453671,"0,16"
198,BDL029,SDN 1 KOTA KARANG,Sekolah / Kampus,KOTA BANDAR LAMPUNG,LAMPUNG,KOTA BANDAR LAMPUNG,105.257854,-5.454209,"1,19"
199,BDL029,Pasar Kota Karang,Pasar ,KOTA BANDAR LAMPUNG,LAMPUNG,KOTA BANDAR LAMPUNG,105.257087, -5.454404°,"1,25"
200,BDL029,Masjid Al Aufa,Sekolah / Kampus,KOTA BANDAR LAMPUNG,LAMPUNG,KOTA BANDAR LAMPUNG,105.25935,-5.453993,1.09
201,BDL029,Klinik Kosasih Amanah,Rumah Sakit,KOTA BANDAR LAMPUNG,LAMPUNG,KOTA BANDAR LAMPUNG,105.261902,-5.452523,"0,84"
202,BDL029,TK-SD-SLTP-SLTA Muda 57,Sekolah / Kampus,KOTA BANDAR LAMPUNG,LAMPUNG,KOTA BANDAR LAMPUNG,105.262041,-5.452011,"0,77"
203,BDL029,Opan Hotel Lampung,Hang Out Place (Café / Mall),KOTA BANDAR LAMPUNG,LAMPUNG,KOTA BANDAR LAMPUNG,105.265008,-5.452019,"0,78"
204,BDL029,Rumah Makan Sambal Lalak,Hang Out Place (Café / Mall),KOTA BANDAR LAMPUNG,LAMPUNG,KOTA BANDAR LAMPUNG,105.264783,-5.451473,"0,72"
205,BDL029,WaHaHa Seafood,Hang Out Place (Café / Mall),KOTA BANDAR LAMPUNG,LAMPUNG,KOTA BANDAR LAMPUNG,105.265246,-5.45133,"0,72"
206,BDL029,Masjid As Sa'adah,Tempat Ibadah,KOTA BANDAR LAMPUNG,LAMPUNG,KOTA BANDAR LAMPUNG,105.266091,-5.450905,"0,70"
207,BDL029,Musholla nurush shobakh,Tempat Ibadah,KOTA BANDAR LAMPUNG,LAMPUNG,KOTA BANDAR LAMPUNG,105.267814, -5.452399°,"0,93"
208,BDL029,Masjid Al-Anwar,Tempat Ibadah,KOTA BANDAR LAMPUNG,LAMPUNG,KOTA BANDAR LAMPUNG,105.263082,-5.450286,"0,57"
209,BDL029,Junior High School Lampung,Sekolah / Kampus,KOTA BANDAR LAMPUNG,LAMPUNG,KOTA BANDAR LAMPUNG,105.258207,-5.448827,"0,72"
210,BDL029,Sabhara Polda Lampung,Perkantoran,KOTA BANDAR LAMPUNG,LAMPUNG,KOTA BANDAR LAMPUNG,105.262336,-5.444868,"0,13"
211,BDL029,Pondok Pesantren Sullamul Ilmi ,Sekolah / Kampus,KOTA BANDAR LAMPUNG,LAMPUNG,KOTA BANDAR LAMPUNG,105.271756°,-5.438924,"1,14"
212,BDL029,Yayasan Hakka Metta Sarana,Sekolah / Kampus,KOTA BANDAR LAMPUNG,LAMPUNG,KOTA BANDAR LAMPUNG,105.263178,-5.446156,"0,12"
213,BDL029,SMA Islamiyah Bandar Lampung,Sekolah / Kampus,KOTA BANDAR LAMPUNG,LAMPUNG,KOTA BANDAR LAMPUNG,105.263063,-5.449635,"0,50"
214,BDL029,Kejaksaan Tinggi Lampung,Perkantoran,KOTA BANDAR LAMPUNG,LAMPUNG,KOTA BANDAR LAMPUNG,105.25942,-5.442302,"0,55"
215,BDL029,Lampung Governor office,Perkantoran,KOTA BANDAR LAMPUNG,LAMPUNG,KOTA BANDAR LAMPUNG,105.258745,-5.441326,"0,68"
216,BDL029,Lampung Provice Regional People,Perkantoran,KOTA BANDAR LAMPUNG,LAMPUNG,KOTA BANDAR LAMPUNG,105.258222,-5.440213,"0,80"
217,BDL029,Balai Bahasa Provinsi Lampung,Perkantoran,KOTA BANDAR LAMPUNG,LAMPUNG,KOTA BANDAR LAMPUNG,105.257285,-5.442315,"0,76"
218,BDL029,Kantor BKD,Perkantoran,KOTA BANDAR LAMPUNG,LAMPUNG,KOTA BANDAR LAMPUNG,105.256633,-5.441597,"0,86"
219,BDL029,Dinas Pertambangan Dan Energi,Perkantoran,KOTA BANDAR LAMPUNG,LAMPUNG,KOTA BANDAR LAMPUNG,105.256232,-5.442183,"0,87"
220,BDL029,SD NEGERI 3 TALANG,Sekolah / Kampus,KOTA BANDAR LAMPUNG,LAMPUNG,KOTA BANDAR LAMPUNG,105.25651,-5.442966,"0,81"
221,BDL029,Golden Tulip Springhill Lampung,Hang Out Place (Café / Mall),KOTA BANDAR LAMPUNG,LAMPUNG,KOTA BANDAR LAMPUNG,105.254801,-5.44004,"1,12"
222,BDL029,ATR/BPN Kota Bandar Lampung,Perkantoran,KOTA BANDAR LAMPUNG,LAMPUNG,KOTA BANDAR LAMPUNG,105.256025,-5.440063,"1,00"
223,BDL029,Pt. Taspen Parsero,Perkantoran,KOTA BANDAR LAMPUNG,LAMPUNG,KOTA BANDAR LAMPUNG,105.256057,-5.440684,"0,96"
224,BDL029,Lampung Environmental Agency,Perkantoran,KOTA BANDAR LAMPUNG,LAMPUNG,KOTA BANDAR LAMPUNG,105.255514,-5.441862,"0,96"
225,BDL029,Kantor Kementrian ATR/BPN,Perkantoran,KOTA BANDAR LAMPUNG,LAMPUNG,KOTA BANDAR LAMPUNG,105.255319,-5.442435,"0,96"
226,BDL029,Tanjung Karang District Court ,Perkantoran,KOTA BANDAR LAMPUNG,LAMPUNG,KOTA BANDAR LAMPUNG,105.258153,-5.442734,"0,65"
227,BDL029,PLN Telok Betong,Perkantoran,KOTA BANDAR LAMPUNG,LAMPUNG,KOTA BANDAR LAMPUNG,105.254633,-5.443001,"1,01"
228,BDL029,Gedung DPRD Kota Bandar Lampung,Perkantoran,KOTA BANDAR LAMPUNG,LAMPUNG,KOTA BANDAR LAMPUNG,105.254396,-5.442459,"1,05"
229,BDL029,SMP Negeri 3 Bandar Lampung ,Sekolah / Kampus,KOTA BANDAR LAMPUNG,LAMPUNG,KOTA BANDAR LAMPUNG,105.254285,-5.441404,"1,10"
230,BDL029,Masjid Khairul Falah ,Tempat Ibadah,KOTA BANDAR LAMPUNG,LAMPUNG,KOTA BANDAR LAMPUNG,105.254356,-5.439505,"1,19"
231,BDL029,PLTD Teluk Betung,Perkantoran,KOTA BANDAR LAMPUNG,LAMPUNG,KOTA BANDAR LAMPUNG,105.252332,-5.441577,"1,30"
232,BDL029,Masjid Quba',Tempat Ibadah,KOTA BANDAR LAMPUNG,LAMPUNG,KOTA BANDAR LAMPUNG,105.252511, -5.445699°,"1,22"
233,BDL029,Rumah Adat Kebandaran Marga Balak,Tempat Wisata,KOTA BANDAR LAMPUNG,LAMPUNG,KOTA BANDAR LAMPUNG,105.252545,-5.446172,"1,22"
234,BDL029,Masjid Ittihadulquro,Tempat Ibadah,KOTA BANDAR LAMPUNG,LAMPUNG,KOTA BANDAR LAMPUNG,105.254763,-5.447813,1.02
235,BDL029,SDN 4 Bumiwaras,Sekolah / Kampus,KOTA BANDAR LAMPUNG,LAMPUNG,KOTA BANDAR LAMPUNG,105.273377,-5.447395,"1,13"
236,BDL029,Pasar Kangkung,Pasar ,KOTA BANDAR LAMPUNG,LAMPUNG,KOTA BANDAR LAMPUNG,105.269238,-5.445522,"0,63"
237,BDL029,Bank INDONESIA,Perkantoran,KOTA BANDAR LAMPUNG,LAMPUNG,KOTA BANDAR LAMPUNG,105.267433,-5.443654,"0,47"
238,BDL029,Hotel O Teluk Betung Near Bank Indonesia,Perkantoran,KOTA BANDAR LAMPUNG,LAMPUNG,KOTA BANDAR LAMPUNG,105.267038,-5.44257,"0,48"
239,BDL029,Royal Guesthouse Bandar Lampung ,Perkantoran,KOTA BANDAR LAMPUNG,LAMPUNG,KOTA BANDAR LAMPUNG,105.265483,-5.441349,"0,47"
240,BDL029,SMP 1 Xaverius Bandar Lampung,Sekolah / Kampus,KOTA BANDAR LAMPUNG,LAMPUNG,KOTA BANDAR LAMPUNG,105.266962,-5.441703,"0,54"
241,BDL029,Masjid Solihin,Tempat Ibadah,KOTA BANDAR LAMPUNG,LAMPUNG,KOTA BANDAR LAMPUNG,105.263619,-5.442249,"0,32"
242,BDL029,Pasar Gudang lelang,Pasar ,KOTA BANDAR LAMPUNG,LAMPUNG,KOTA BANDAR LAMPUNG,105.268992,-5.451906,"0,96"
243,BDL029,Hao Xiong Di,Hang Out Place (Café / Mall),KOTA BANDAR LAMPUNG,LAMPUNG,KOTA BANDAR LAMPUNG,105.265253,-5.438754,"0,73"
244,BDL029,Puskesmas Pasar Ambon,Rumah Sakit,KOTA BANDAR LAMPUNG,LAMPUNG,KOTA BANDAR LAMPUNG,105.257167,-5.449884,"0,88"
245,BDL029,SD Negeri 5 Talang,Sekolah / Kampus,KOTA BANDAR LAMPUNG,LAMPUNG,KOTA BANDAR LAMPUNG,105.258682,-5.445262,"0,54"
246,BDL029,SMKS TAMANSISWA TELUKBETUNG ,Sekolah / Kampus,KOTA BANDAR LAMPUNG,LAMPUNG,KOTA BANDAR LAMPUNG,105.266117,-5.444881,"0,29"
247,BDL029,SMAN 4 Bandar Lampung,Sekolah / Kampus,KOTA BANDAR LAMPUNG,LAMPUNG,KOTA BANDAR LAMPUNG,105.269811,-5.435556,"1,27"
248,NTB089,SD Negeri 25 Bengkulu Selatan ,Sekolah / Kampus,BENGKULU SELATAN,BENGKULU,KOTA BENGKULU,102.939301,-4.466355,"1,27"
249,NTB089,Masjid NURUL HUDA,Tempat Ibadah,BENGKULU SELATAN,BENGKULU,KOTA BENGKULU,102.94074,-4.46227,"0,80"
250,NTB089,Masjid Al Ikhlas ,Tempat Ibadah,BENGKULU SELATAN,BENGKULU,KOTA BENGKULU,102.943565,-4.456995,"0,17"
251,NTB089,Masjid Jami' Asy-Syams,Tempat Ibadah,BENGKULU SELATAN,BENGKULU,KOTA BENGKULU,102.944208,-4.453656,"0,33"
252,NTB089,SMPN 21 Bengkulu Selatan,Sekolah / Kampus,BENGKULU SELATAN,BENGKULU,KOTA BENGKULU,102.944832,-4.451652,"0,55"
253,NTB089,Masjid al-iman,Tempat Ibadah,BENGKULU SELATAN,BENGKULU,KOTA BENGKULU,102.94528,-4.450691,"0,66"
254,NTB089,Masjid/Mushollah,Tempat Ibadah,BENGKULU SELATAN,BENGKULU,KOTA BENGKULU,102.945933,-4.446296,"1,16"
255,NTB089,Masjid AL-MAAJID ,Tempat Ibadah,BENGKULU SELATAN,BENGKULU,KOTA BENGKULU,102.941591,-4.46477,0.99
256,NTB089,Pondok Pesantren Al- Mansyuriyah,Sekolah / Kampus,BENGKULU SELATAN,BENGKULU,KOTA BENGKULU,102.950356,-4.466214,"1,24"
257,KPH027,SD N 06 Kepahiang TPS 1 Desa Kelilik,Sekolah / Kampus,KEPAHIANG,BENGKULU,KOTA BENGKULU,102.590959,-3.670895,"1,46"
258,KPH027,SDN 04 Seberang Musi,Sekolah / Kampus,KEPAHIANG,BENGKULU,KOTA BENGKULU,102.591452,-3.67559,"0,98"
259,KPH027,Masjid Al-Qhodrat,Tempat Ibadah,KEPAHIANG,BENGKULU,KOTA BENGKULU,102.593374,-3.676609,"0,77"
260,KPH027,SMP Negeri 01 Seberang Musi,Sekolah / Kampus,KEPAHIANG,BENGKULU,KOTA BENGKULU,102.596926,-3.680841,"0,19"
261,KPH027,SDN 1 Seberang Musi,Sekolah / Kampus,KEPAHIANG,BENGKULU,KOTA BENGKULU,102.596336,-3.683491,"0,12"
262,KPH027,Pondok Pesantren Irsyadut Tholibin,Sekolah / Kampus,KEPAHIANG,BENGKULU,KOTA BENGKULU,102.597829,-3.69298,"1,17"
263,KOT205,SDN 1 Gunung Meraksa,Sekolah / Kampus,TANGGAMUS,LAMPUNG,LAMPUNG BARAT,104.7179,-5.330414,"0,35"
264,KOT205,MASJID BAITUSALAM ,Tempat Ibadah,TANGGAMUS,LAMPUNG,LAMPUNG BARAT,104.719212,-5.329159,"0,20"
265,KOT205,Masjid Nurul Iman,Tempat Ibadah,TANGGAMUS,LAMPUNG,LAMPUNG BARAT,104.729229,-5.32147,"1,33"
266,KOT094,Masjid BAITUL-RAHMAN.merabung girang,Tempat Ibadah,TANGGAMUS,LAMPUNG,LAMPUNG BARAT,104.786922,-5.332964,"1,19"
267,KOT094,Masjid kebon jeruk,Tempat Ibadah,TANGGAMUS,LAMPUNG,LAMPUNG BARAT,104.789512,-5.33073,"0,88"
268,KOT094,Majelis ta'lim kelopo agung,Tempat Ibadah,TANGGAMUS,LAMPUNG,LAMPUNG BARAT,104.794428,-5.330222,"0,38"
269,KOT094,Masjid BAITURRAHMAN merabung 1,Tempat Ibadah,TANGGAMUS,LAMPUNG,LAMPUNG BARAT,104.795556,-5.328767,"0,40"
270,KOT094,TK ISLAM DARUL ULUM MERABUNG 1,Sekolah / Kampus,TANGGAMUS,LAMPUNG,LAMPUNG BARAT,104.796611,-5.331229,"0,12"
271,KOT094,SDN 1 Tangkit Serdang,Sekolah / Kampus,TANGGAMUS,LAMPUNG,LAMPUNG BARAT,104.79931,-5.327737,"0,50"
272,KOT094,SDN 1 Tanjung Heran ,Sekolah / Kampus,TANGGAMUS,LAMPUNG,LAMPUNG BARAT,104.798066,-5.331319,"0,08"
273,KOT094,Masjid sinar wangi ,Tempat Ibadah,TANGGAMUS,LAMPUNG,LAMPUNG BARAT,104.801472,-5.332496,"0,45"
274,KOT094,Masjid RINGGUNG ,Tempat Ibadah,TANGGAMUS,LAMPUNG,LAMPUNG BARAT,104.807347,-5.334222,"1,12"
275,KOT094,PONDOK PESANTREN MATHLA'UL BAROKAH,Sekolah / Kampus,TANGGAMUS,LAMPUNG,LAMPUNG BARAT,104.8059,-5.335973,"1,04"
276,KOT094,SMP Negeri 3 Pugung,Sekolah / Kampus,TANGGAMUS,LAMPUNG,LAMPUNG BARAT,104.802858,-5.326576,"0,83"
277,KOT094,Masjid Jami' Tangkit Serdang,Tempat Ibadah,TANGGAMUS,LAMPUNG,LAMPUNG BARAT,104.80493,-5.327211,"0,96"
278,KOT094,SDN 3 Tangkit Serdang,Sekolah / Kampus,TANGGAMUS,LAMPUNG,LAMPUNG BARAT,104.807023,-5.325459,"1,27"
279,KOT094,TK Al-Hidayah Tangkit Serdang ,Sekolah / Kampus,TANGGAMUS,LAMPUNG,LAMPUNG BARAT,104.807668,-5.324563,"1,39"
280,KOT094,MIS Mathla'ul Anwar Kedatuan,Tempat Ibadah,TANGGAMUS,LAMPUNG,LAMPUNG BARAT,104.789329,-5.340167,"1,30"
281,KUI011,Mushollah,Tempat Ibadah,PESISIR BARAT,LAMPUNG,LAMPUNG BARAT,104.000363,-5.311607,"0,22"
282,KUI011,MASJID NURUL THOHAR,Tempat Ibadah,PESISIR BARAT,LAMPUNG,LAMPUNG BARAT,103.999845,-5.307751,"0,24"
283,KUI011,Kolam Renang Way Nyapah ,Tempat Wisata,PESISIR BARAT,LAMPUNG,LAMPUNG BARAT,103.999884,-5.304552,"0,58"
284,KUI011,Pantai Tanjung Setia Krui Lampung,Tempat Wisata,PESISIR BARAT,LAMPUNG,LAMPUNG BARAT,104.000177,-5.30384,"0,65"
285,KUI011,Resort Sapu Nyapah Losmen Syariah Tanjung Setia,Hang Out Place (Café / Mall),PESISIR BARAT,LAMPUNG,LAMPUNG BARAT,103.999665,-5.304318,"0,61"
286,KUI011,Paradise cafe,Hang Out Place (Café / Mall),PESISIR BARAT,LAMPUNG,LAMPUNG BARAT,103.998406,-5.304799,"0,60"
287,KUI011,Cabana Surf and Stay,Hang Out Place (Café / Mall),PESISIR BARAT,LAMPUNG,LAMPUNG BARAT,103.998904,-5.304805,"0,58"
288,KUI011,Lovina Krui Surf,Hang Out Place (Café / Mall),PESISIR BARAT,LAMPUNG,LAMPUNG BARAT,103.998749,-5.304883,"0,58"
289,KUI011,Kahuna Beach Bungalows Surf Camp,Hang Out Place (Café / Mall),PESISIR BARAT,LAMPUNG,LAMPUNG BARAT,103.998407,-5.305251,"0,56"
290,KUI011,Utofia Beach Side Bungalows,Hang Out Place (Café / Mall),PESISIR BARAT,LAMPUNG,LAMPUNG BARAT,104.003383,-5.300898,"1,00"
291,KUI011,Pemerintahan Pekon Tanjung setia ,Perkantoran,PESISIR BARAT,LAMPUNG,LAMPUNG BARAT,104.003317,-5.29939,"1,17"
292,KUI011,Pesisir Resort,Hang Out Place (Café / Mall),PESISIR BARAT,LAMPUNG,LAMPUNG BARAT,104.002484,-5.299037,"1,19"
293,KUI011,TPA QUR'ROTA AYU'N,Sekolah / Kampus,PESISIR BARAT,LAMPUNG,LAMPUNG BARAT,104.005563,-5.29745,"1,45"
294,KUI011,Villa Kruinaka Ujung Bocur,Hang Out Place (Café / Mall),PESISIR BARAT,LAMPUNG,LAMPUNG BARAT,103.993943,-5.313872,"0,89"
295,KUI011,The Ujung Bocur Bungalows,Hang Out Place (Café / Mall),PESISIR BARAT,LAMPUNG,LAMPUNG BARAT,103.995673,-5.307707,"0,61"
296,KUI011,UTOPIA KRUI SURF CAMP,Hang Out Place (Café / Mall),PESISIR BARAT,LAMPUNG,LAMPUNG BARAT,103.997243,-5.305669,"0,60"
297,KUI008,Masjid/Mushollah,Tempat Ibadah,PESISIR BARAT,LAMPUNG,LAMPUNG BARAT,103.92895,-5.228964,"0,74"
298,KUI008,TPA AL Fajar Lintik Mayah,Sekolah / Kampus,PESISIR BARAT,LAMPUNG,LAMPUNG BARAT,103.929154,-5.229562,"0,19"
299,KUI008,Masjid Padang Haluan,Tempat Ibadah,PESISIR BARAT,LAMPUNG,LAMPUNG BARAT,103.934434,-5.229905,"0,19"
300,KUI008,Assholihin ,Tempat Ibadah,PESISIR BARAT,LAMPUNG,LAMPUNG BARAT,103.943073,-5.230752,"0,85"
301,KUI008,Rumah Nalu Surf Camp ,Hang Out Place (Café / Mall),PESISIR BARAT,LAMPUNG,LAMPUNG BARAT,103.928582, -5.232703°,"0,90"
302,LIW200,UPT PUSKESMAS BATU KETULIS,Rumah Sakit,LAMPUNG BARAT,LAMPUNG,LAMPUNG BARAT,104.242395,-5.028986,"1,03"
303,LIW200,Vihara Dharma Bakti,Tempat Ibadah,LAMPUNG BARAT,LAMPUNG,LAMPUNG BARAT,104.257048,-5.025112,"0,97"
304,LIW200,SMA Negeri 1 Batu ketulis,Sekolah / Kampus,LAMPUNG BARAT,LAMPUNG,LAMPUNG BARAT,104.246778,-5.025566,"0,80"
305,GNS249,Masjid Nurul Amal,Tempat Ibadah,LAMPUNG TENGAH,LAMPUNG,LAMPUNG METRO,105.419449,-4.745589,"0,52"
306,GNS249,pondok pesantren hidayatul mubarok,Sekolah / Kampus,LAMPUNG TENGAH,LAMPUNG,LAMPUNG METRO,105.420797,-4.751605,"0,63"
307,GNS249,Pondok pesantren tahfidz BAROKATUL MINNA,Sekolah / Kampus,LAMPUNG TENGAH,LAMPUNG,LAMPUNG METRO,105.420326,-4.752035,"0,69"
308,GNS249,MTs Al Mubarok Bandar Mataram,Sekolah / Kampus,LAMPUNG TENGAH,LAMPUNG,LAMPUNG METRO,105.421326,-4.752748,"0,71"
309,GNS249,Miftahul Huda Mosque ,Tempat Ibadah,LAMPUNG TENGAH,LAMPUNG,LAMPUNG METRO,105.421149,-4.755102,"0,95"
310,GNS249,MUSHOLLA MAQOMUL IIMAN ,Tempat Ibadah,LAMPUNG TENGAH,LAMPUNG,LAMPUNG METRO,105.423909,-4.748538,"0,18"
311,GNS249,Pondok Pesantren Hidayatut Thullab ,Sekolah / Kampus,LAMPUNG TENGAH,LAMPUNG,LAMPUNG METRO,105.428221,-4.742083,"0,72"
312,GNS249,RM Sendang Agung,Hang Out Place (Café / Mall),LAMPUNG TENGAH,LAMPUNG,LAMPUNG METRO,105.428705,-4.737634,"1,16"
313,GNS249,SMK Bintang Sembilan BATARA ,Sekolah / Kampus,LAMPUNG TENGAH,LAMPUNG,LAMPUNG METRO,105.417959,-4.756443,"1,22"
314,GNS249,SMP Al Quran At-Thoyib & SMA SAINS Al Quran Ar-Ridho,Sekolah / Kampus,LAMPUNG TENGAH,LAMPUNG,LAMPUNG METRO,105.420646,-4.752755,"0,74"
315,GNS249,SMK Garuda Bandar Mataram ,Sekolah / Kampus,LAMPUNG TENGAH,LAMPUNG,LAMPUNG METRO,105.420489,-4.748808,"0,44"
316,GNS249,PP. Miftahul Huda Jogja 30,Sekolah / Kampus,LAMPUNG TENGAH,LAMPUNG,LAMPUNG METRO,105.416686,-4.746469,"0,81"
317,GNS189,PASRAMAN DHARMA WIDYA RAMA INDRA 1,Sekolah / Kampus,LAMPUNG TENGAH,LAMPUNG,LAMPUNG METRO,105.332247,-4.91781,"1,03"
318,GNS189,Merajan Pande,Tempat Ibadah,LAMPUNG TENGAH,LAMPUNG,LAMPUNG METRO,105.338216,-4.923525,"0,19"
319,GNS189,PURA PUSEH RAMA INDRA,Tempat Ibadah,LAMPUNG TENGAH,LAMPUNG,LAMPUNG METRO,105.338753,-4.923194,"0,13"
320,GNS189,Masjid Nurul Iman,Tempat Ibadah,LAMPUNG TENGAH,LAMPUNG,LAMPUNG METRO,105.344817,-4.910952,"1,45"
321,GNS189,Mushola Baitun Nur,Tempat Ibadah,LAMPUNG TENGAH,LAMPUNG,LAMPUNG METRO,105.342659,-4.911449,"1,33"
322,GNS189,Mushola AL-FATAH ,Tempat Ibadah,LAMPUNG TENGAH,LAMPUNG,LAMPUNG METRO,105.343904,-4.922297,"0,45"
323,GNS189,Musholla Nurul Iman Ratna Chaton,Tempat Ibadah,LAMPUNG TENGAH,LAMPUNG,LAMPUNG METRO,105.344589,-4.933419,"1,25"
324,GNS189,Masjid Nurul Huda ,Tempat Ibadah,LAMPUNG TENGAH,LAMPUNG,LAMPUNG METRO,105.351199,-4.922606,"1,26"
325,GNS183,Masjid Baitulghofar ,Tempat Ibadah,LAMPUNG TENGAH,LAMPUNG,LAMPUNG METRO,105.563081,-4.656103,"1,47"
326,GNS183,Masjid Baitus Salam,Tempat Ibadah,LAMPUNG TENGAH,LAMPUNG,LAMPUNG METRO,105.56276,-4.662269,"1,23"
327,GNS183,SDN 2 BUMI NABUNG UTARA ,Sekolah / Kampus,LAMPUNG TENGAH,LAMPUNG,LAMPUNG METRO,105.565167,-4.667195,"1,11"
328,GNS183,Tpa nurul hidayah,Tempat Ibadah,LAMPUNG TENGAH,LAMPUNG,LAMPUNG METRO,105.5638,-4.666893,"1,23"
329,GNS183,TK PERTIWI 3,Sekolah / Kampus,LAMPUNG TENGAH,LAMPUNG,LAMPUNG METRO,105.570919,-4.659828,"0,52"
330,GNS183,SDN 3 BUMI NABUNG UTARA ,Sekolah / Kampus,LAMPUNG TENGAH,LAMPUNG,LAMPUNG METRO,105.573117,-4.658977,"0,50"
331,GNS183,Gereja Protestan,Tempat Ibadah,LAMPUNG TENGAH,LAMPUNG,LAMPUNG METRO,105.573908,-4.655528,"0,85"
332,GNS183,SD Negeri 5 Bumi Nabung Utara,Sekolah / Kampus,LAMPUNG TENGAH,LAMPUNG,LAMPUNG METRO,105.583506,-4.654909,"1,38"
333,GNS183,Masjid Nurul Iman,Tempat Ibadah,LAMPUNG TENGAH,LAMPUNG,LAMPUNG METRO,105.581731,-4.656877,"1,09"
334,GNS183,Masjid Mistahul Huda,Tempat Ibadah,LAMPUNG TENGAH,LAMPUNG,LAMPUNG METRO,105.572968,-4.673307,"1,14"
335,GNS183,SDN 04 BUMI NABUNG UTARA,Sekolah / Kampus,LAMPUNG TENGAH,LAMPUNG,LAMPUNG METRO,105.574769,-4.674031,"1,20"
336,GNS134,Masjid At-Taqwa,Tempat Ibadah,LAMPUNG TENGAH,LAMPUNG,LAMPUNG METRO,105.547502,-4.674061,"1,03"
337,GNS134,MTs Jami'atul ummah ,Sekolah / Kampus,LAMPUNG TENGAH,LAMPUNG,LAMPUNG METRO,105.549234,-4.673054,"0,84"
338,GNS134,SD Negeri 4 Bumi Nabung Ilir ,Sekolah / Kampus,LAMPUNG TENGAH,LAMPUNG,LAMPUNG METRO,105.548307,-4.666507,"0,43"
339,GNS134,Masjid Nurul Yaqin,Tempat Ibadah,LAMPUNG TENGAH,LAMPUNG,LAMPUNG METRO,105.549108,-4.668228,"0,42"
340,GNS134,SMK PERTANIAN ALAM NUSANTARA,Sekolah / Kampus,LAMPUNG TENGAH,LAMPUNG,LAMPUNG METRO,105.551135,-4.664019,"0,24"
341,GNS134,Masjid Baitul Muttaqin,Tempat Ibadah,LAMPUNG TENGAH,LAMPUNG,LAMPUNG METRO,105.551826,-4.661067,"0,55"
342,GNS134,Baitur Rahman Mosque,Tempat Ibadah,LAMPUNG TENGAH,LAMPUNG,LAMPUNG METRO,105.55205,-4.653178,"1,42"
343,GNS134,Masjid nurul falah ,Tempat Ibadah,LAMPUNG TENGAH,LAMPUNG,LAMPUNG METRO,105.540418,-4.6613,"1,40"
344,GNS115,Masjid Al Muttaqin ,Tempat Ibadah,LAMPUNG TENGAH,LAMPUNG,LAMPUNG METRO,105.336438,-4.823268,"1,12"
345,GNS115,Masjid Al-Mujahidin (Solo 8) ,Tempat Ibadah,LAMPUNG TENGAH,LAMPUNG,LAMPUNG METRO,105.341189,-4.822706,"0,78"
346,GNS115,BALAI KAMPUNG UTAMA JAYA MATARAM,Perkantoran,LAMPUNG TENGAH,LAMPUNG,LAMPUNG METRO,105.339304,-4.823593,"0,84"
347,GNS115,Masjid Al-Falah Senada,Tempat Ibadah,LAMPUNG TENGAH,LAMPUNG,LAMPUNG METRO,105.342097,-4.82034,0.97
348,GNS115,Baitul Mustaqim Mosque,Tempat Ibadah,LAMPUNG TENGAH,LAMPUNG,LAMPUNG METRO,105.343705,-4.818771,"1,10"
349,GNS115,Masjid Al-Ikhlas,Tempat Ibadah,LAMPUNG TENGAH,LAMPUNG,LAMPUNG METRO,105.34492,-4.816824,"1,32"
350,GNS115,MASJID BAITUR ROHMAN ,Tempat Ibadah,LAMPUNG TENGAH,LAMPUNG,LAMPUNG METRO,105.345891,-4.815202,"1,48"
351,GNS115,SDN 2 SUMBER AGUNG,Sekolah / Kampus,LAMPUNG TENGAH,LAMPUNG,LAMPUNG METRO,105.348366,-4.826164,"0,46"
352,GNS115,MASJID JAMI' NURUL IMAN,Tempat Ibadah,LAMPUNG TENGAH,LAMPUNG,LAMPUNG METRO,105.348001,-4.826274,"0,42"
353,GNS115,TK Teratai Merah Sumber Agung ,Sekolah / Kampus,LAMPUNG TENGAH,LAMPUNG,LAMPUNG METRO,105.348754,-4.826175,"0,48"
354,GNS115,MTS Roudlotul Ulum Sumber Agung,Sekolah / Kampus,LAMPUNG TENGAH,LAMPUNG,LAMPUNG METRO,105.346074,-4.829214,"0,14"
355,GNS115,SDN 3 SUMBER AGUNG,Sekolah / Kampus,LAMPUNG TENGAH,LAMPUNG,LAMPUNG METRO,105.344918,-4.83134,"0,31"
356,GNS115,MASJID Al Munawaroh (LDII),Tempat Ibadah,LAMPUNG TENGAH,LAMPUNG,LAMPUNG METRO,105.35361,-4.824787,"1,04"
357,GNS115,KLINIK PRATAMA RAWAT INAP PURI WAWAI MEDIKA,Rumah Sakit,LAMPUNG TENGAH,LAMPUNG,LAMPUNG METRO,105.338739,-4.828286,"0,70"
358,JBI025,SD Islam Al Falah Jambi ,Sekolah / Kampus,KOTA JAMBI,JAMBI,MUARO DAN KOTA JAMBI,103.607767,-1.595256,"1,47"
359,JBI025,People's Struggle Museum Jambi,Hang Out Place (Café / Mall),KOTA JAMBI,JAMBI,MUARO DAN KOTA JAMBI,103.60693,-1.596304,"1,45"
360,JBI025,HITOBITO RAMEN JAMBI,Hang Out Place (Café / Mall),KOTA JAMBI,JAMBI,MUARO DAN KOTA JAMBI,103.607464,-1.597118,"1,35"
361,JBI025,Kopi Melantjong (dulu Kopi Tiam Oey) ,Hang Out Place (Café / Mall),KOTA JAMBI,JAMBI,MUARO DAN KOTA JAMBI,103.60855,-1.595481,"1,40"
362,JBI025,Hotel Makmur ,Hang Out Place (Café / Mall),KOTA JAMBI,JAMBI,MUARO DAN KOTA JAMBI,103.610821,-1.59412,"1,42"
363,JBI025,HOTEL RATU DUO,Hang Out Place (Café / Mall),KOTA JAMBI,JAMBI,MUARO DAN KOTA JAMBI,103.608885,-1.599919,"1,03"
364,JBI025,Masjid Al-Ikhlas,Tempat Ibadah,KOTA JAMBI,JAMBI,MUARO DAN KOTA JAMBI,103.607964,-1.602446,"0,97"
365,JBI025,PKBM SAS MELATI (LEMDIK DIKSAR SATPAM),Sekolah / Kampus,KOTA JAMBI,JAMBI,MUARO DAN KOTA JAMBI,103.60754,-1.604194,"0,97"
366,JBI025,Pondok Pesantren Ainul Yaqin (NU),Sekolah / Kampus,KOTA JAMBI,JAMBI,MUARO DAN KOTA JAMBI,103.609342,-1.605719,"0,75"
367,JBI025,Junior High School 5 Jambi City,Sekolah / Kampus,KOTA JAMBI,JAMBI,MUARO DAN KOTA JAMBI,103.604965,-1.604991,"1,24"
368,JBI025,Hospital Baiturrahim ,Rumah Sakit,KOTA JAMBI,JAMBI,MUARO DAN KOTA JAMBI,103.605383,-1.605957,"1,19"
369,JBI025,Aston Jambi Hotel & Conference Center,Hang Out Place (Café / Mall),KOTA JAMBI,JAMBI,MUARO DAN KOTA JAMBI,103.604512,-1.601142,"1,39"
370,JBI025,Gedung Diklat BKD Kota Jambi,Perkantoran,KOTA JAMBI,JAMBI,MUARO DAN KOTA JAMBI,103.607672,-1.607706,"0,97"
371,JBI025,Universitas Terbuka Jambi,Sekolah / Kampus,KOTA JAMBI,JAMBI,MUARO DAN KOTA JAMBI,103.606192,-1.612482,"1,34"
372,JBI025,Samsat Kota Jambi,Perkantoran,KOTA JAMBI,JAMBI,MUARO DAN KOTA JAMBI,103.605892,-1.613399,"1,42"
373,JBI025,Teanol jelutung ,Hang Out Place (Café / Mall),KOTA JAMBI,JAMBI,MUARO DAN KOTA JAMBI,103.607142,-1.61415,"1,37"
374,JBI025,Grand Makmur Hotel,Hang Out Place (Café / Mall),KOTA JAMBI,JAMBI,MUARO DAN KOTA JAMBI,103.61607,-1.613413,"0,86"
375,JBI025,PLN ULP KOTA BARU ,Hang Out Place (Café / Mall),KOTA JAMBI,JAMBI,MUARO DAN KOTA JAMBI,103.616405,-1.611771,"0,67"
376,JBI025,Abadi Suite Hotel & Tower Jambi ,Hang Out Place (Café / Mall),KOTA JAMBI,JAMBI,MUARO DAN KOTA JAMBI,103.613658,-1.595763,"1,14"
377,JBI025,Abadi Hotel & Convention Center,Hang Out Place (Café / Mall),KOTA JAMBI,JAMBI,MUARO DAN KOTA JAMBI,103.613752,-1.594698,"1,24"
378,JBI025,Rumah Sakit Dr. Bratanata Jambi,Rumah Sakit,KOTA JAMBI,JAMBI,MUARO DAN KOTA JAMBI,103.618457,-1.593158,"1,41"
379,JBI025,SMP Negeri 9 Kota Jambi,Sekolah / Kampus,KOTA JAMBI,JAMBI,MUARO DAN KOTA JAMBI,103.619975,-1.595313,"1,26"
380,JBI025,Sakyakirti Buddhist Temple,Tempat Ibadah,KOTA JAMBI,JAMBI,MUARO DAN KOTA JAMBI,103.621025,-1.598169,"1,00"
381,JBI025,Kelenteng Hok Kheng Tong (福慶堂) ,Tempat Ibadah,KOTA JAMBI,JAMBI,MUARO DAN KOTA JAMBI,103.620949,-1.599832,"0,38"
382,JBI025,Sai Che Tien Chinese Temple ,Tempat Ibadah,KOTA JAMBI,JAMBI,MUARO DAN KOTA JAMBI,103.621481,-1.601516,"0,75"
383,JBI025,Masjid Baitur Rahman ,Tempat Ibadah,KOTA JAMBI,JAMBI,MUARO DAN KOTA JAMBI,103.623611,-1.599467,1.08
384,JBI025,Masjid Baitun Nur Darlis Muhammadiyah,Tempat Ibadah,KOTA JAMBI,JAMBI,MUARO DAN KOTA JAMBI,103.625472,-1.612306,"1,30"
385,JBI025,SMA Negeri 3 Kota Jambi ,Sekolah / Kampus,KOTA JAMBI,JAMBI,MUARO DAN KOTA JAMBI,103.620279,-1.616312,"1,27"
386,JBI025,SMA PGRI 2 Kota Jambi,Sekolah / Kampus,KOTA JAMBI,JAMBI,MUARO DAN KOTA JAMBI,103.619848,-1.617251,"1,36"
387,JBI025,TK/SD XAVERIUS 2 JAMBI ,Sekolah / Kampus,KOTA JAMBI,JAMBI,MUARO DAN KOTA JAMBI,103.615147,-1.616411,"1,20"
388,JBI025,Simon & Sons Coffee And Bakery,Hang Out Place (Café / Mall),KOTA JAMBI,JAMBI,MUARO DAN KOTA JAMBI,103.610876,-1.613936,"1,09"
389,JBI025,Transmart Jambi ,Hang Out Place (Café / Mall),KOTA JAMBI,JAMBI,MUARO DAN KOTA JAMBI,103.626341,-1.614135,"1,48"
390,SGE095,Musholla at taqwa ,Tempat Ibadah,MUARO JAMBI,JAMBI,MUARO DAN KOTA JAMBI,103.644939,-1.684417,"1,15"
391,SGE095,Polindes Talang Jambu ,Rumah Sakit,MUARO JAMBI,JAMBI,MUARO DAN KOTA JAMBI,103.649437,-1.679892,"1,22"
392,SGE095,Masjid Al Ikhlas,Tempat Ibadah,MUARO JAMBI,JAMBI,MUARO DAN KOTA JAMBI,103.65016,-1.680184,"1,17"
393,SGE095,Pondok pesantren As sallafiyah,Sekolah / Kampus,MUARO JAMBI,JAMBI,MUARO DAN KOTA JAMBI,103.658613,-1.678796,"1,37"
394,SGE095,SDN 83/IX Talang Belido,Sekolah / Kampus,MUARO JAMBI,JAMBI,MUARO DAN KOTA JAMBI,103.655269,-1.692089,"0,29"
395,SKY335,Masjid Al-Hijrah,Tempat Ibadah,MUSI BANYUASIN,PALEMBANG,MUSI BANYUASIN,104.071179,-2.870958,"0,47"
396,SKY335,SMP Negeri 3 Lais,Sekolah / Kampus,MUSI BANYUASIN,PALEMBANG,MUSI BANYUASIN,104.071932,-2.869571,"0,33"
397,SKY335,Kantor PDAM Lais ,Perkantoran,MUSI BANYUASIN,PALEMBANG,MUSI BANYUASIN,104.075183,-2.869717,"0,15"
398,SKY335,SMA NEGERI 2 LAIS,Sekolah / Kampus,MUSI BANYUASIN,PALEMBANG,MUSI BANYUASIN,104.076206,-2.869975,"0,24"
399,SKY335,SD Negeri 2 Lais,Sekolah / Kampus,MUSI BANYUASIN,PALEMBANG,MUSI BANYUASIN,104.081578,-2.869174,"0,76"
400,SKY335,Kantor Kepala Desa Lais ,Perkantoran,MUSI BANYUASIN,PALEMBANG,MUSI BANYUASIN,104.087491,-2.871281,"1,46"
401,SKY334,SD NEGERI 2 PAGAR KAYA,Sekolah / Kampus,MUSI BANYUASIN,PALEMBANG,MUSI BANYUASIN,103.721743,-3.154108,"0,35"
402,SKY334,TK/PAUD PAGAR KAYA ,Sekolah / Kampus,MUSI BANYUASIN,PALEMBANG,MUSI BANYUASIN,103.721795,-3.14994,"0,41"
403,SKY334,Kalangan Selaso Pagar Kaya ,Pasar ,MUSI BANYUASIN,PALEMBANG,MUSI BANYUASIN,103.724522,-3.152316,"0,02"
404,SKY334,Masjid Amalul Yakin,Tempat Ibadah,MUSI BANYUASIN,PALEMBANG,MUSI BANYUASIN,103.721851,-3.149484,"0,45"
405,SKY334,Mushola / TPA ,Tempat Ibadah,MUSI BANYUASIN,PALEMBANG,MUSI BANYUASIN,103.724787,-3.149209,"0,37"
406,SKY096,SDN SUKADAMAI PLAKAT TINGGI,Sekolah / Kampus,MUSI BANYUASIN,PALEMBANG,MUSI BANYUASIN,103.522824,-2.874746,"0,23"
407,SKY096,UPTD PUSKESMAS SUKA DAMAI,Rumah Sakit,MUSI BANYUASIN,PALEMBANG,MUSI BANYUASIN,103.523079,-2.871417,"0,55"
408,SKY096,PT. INTERNET TRANS NUSANTARA Member Of. ITN,Perkantoran,MUSI BANYUASIN,PALEMBANG,MUSI BANYUASIN,103.523078,-2.867853,"0,93"
409,SKY096,Kantor desa suka damai,Perkantoran,MUSI BANYUASIN,PALEMBANG,MUSI BANYUASIN,103.522522,-2.872516,"0,41"
410,SKY096,Masjid An Nur Sukadamai ,Tempat Ibadah,MUSI BANYUASIN,PALEMBANG,MUSI BANYUASIN,103.52522,-2.871891,"0,63"
411,SKY096,Mushollah Baitulmuttaqiin,Tempat Ibadah,MUSI BANYUASIN,PALEMBANG,MUSI BANYUASIN,103.528433,-2.871051,"0,98"
412,SKY031,SD Negeri Tanjung Raya,Sekolah / Kampus,MUSI BANYUASIN,PALEMBANG,MUSI BANYUASIN,103.472976,-2.73443,"0,17"
413,SKY031,Masjid,Tempat Ibadah,MUSI BANYUASIN,PALEMBANG,MUSI BANYUASIN,103.47714,-2.73506,"0,35"
414,SKY031,Kantor kepala desa air itam,Perkantoran,MUSI BANYUASIN,PALEMBANG,MUSI BANYUASIN,103.484722,-2.726386,"1,43"
415,SKY031,Kantor DESA TANJUNG RAYA,Perkantoran,MUSI BANYUASIN,PALEMBANG,MUSI BANYUASIN,103.474639,-2.735471,"0,20"
416,SKY084,Masjid Nurul Iman Desa Nganti ,Tempat Ibadah,MUSI BANYUASIN,PALEMBANG,MUSI BANYUASIN,103.371227,-2.793622,"0,84"
417,SKY084,Masjid Jami At Taqwa Nganti,Tempat Ibadah,MUSI BANYUASIN,PALEMBANG,MUSI BANYUASIN,103.374223,-2.793146,"0,50"
418,SKY084,PAUD KASIH BUNDA,Sekolah / Kampus,MUSI BANYUASIN,PALEMBANG,MUSI BANYUASIN,103.379977,-2.791469,"0,20"
419,SKY084,BALAI DESA JUD II ,Perkantoran,MUSI BANYUASIN,PALEMBANG,MUSI BANYUASIN,103.386162,-2.788606,"0,94"
420,SKY084,Kantor Kades Jud 2,Perkantoran,MUSI BANYUASIN,PALEMBANG,MUSI BANYUASIN,103.38653,-2.788895,"0,96"
421,SKY084,Cafe FaraQ & Karaoke,Hang Out Place (Café / Mall),MUSI BANYUASIN,PALEMBANG,MUSI BANYUASIN,103.387797,-2.788242,"1,12"
422,SKY084,SD NEGERI JUD 1,Sekolah / Kampus,MUSI BANYUASIN,PALEMBANG,MUSI BANYUASIN,103.383383,-2.788067,"0,09"
423,SKY084,SD NEGERI JUD II,Sekolah / Kampus,MUSI BANYUASIN,PALEMBANG,MUSI BANYUASIN,103.383146,-2.79106,"0,53"
424,TGI002,SMK NEGERI 3 EMPAT LAWANG,Sekolah / Kampus,EMPAT LAWANG,BENGKULU,MUSI RAWAS,102.724028,-3.834227,"1,45"
425,TGI002,Masjid Dusun 6 Air Mayan ,Tempat Ibadah,EMPAT LAWANG,BENGKULU,MUSI RAWAS,102.727046,-3.835353,"1,09"
426,TGI002,Masjid Baitus Salam,Tempat Ibadah,EMPAT LAWANG,BENGKULU,MUSI RAWAS,102.731992,-3.835959,"0,60"
427,TGI002,SMP Negeri 4 Pasemah Air Keruh,Sekolah / Kampus,EMPAT LAWANG,BENGKULU,MUSI RAWAS,102.744028,-3.847373,"1,24"
428,TGI002,Masjid Air Mayan,Tempat Ibadah,EMPAT LAWANG,BENGKULU,MUSI RAWAS,102.747942,-3.83799,"1,38"
429,LLG261,SMPN 15 LUBUKLINGGAU ,Sekolah / Kampus,KOTA LUBUKLINGGAU,BENGKULU,MUSI RAWAS,102.915,-3.191777,"0,62"
430,LLG261,Masjid Nurul illahi,Tempat Ibadah,KOTA LUBUKLINGGAU,BENGKULU,MUSI RAWAS,102.920896,-3.189779,"0,55"
431,LLG261,Mushola Nur Fallah,Tempat Ibadah,KOTA LUBUKLINGGAU,BENGKULU,MUSI RAWAS,102.922271,-3.184621,"1,14"
432,LLG261,TPA Syafa`atul qur`an,Sekolah / Kampus,KOTA LUBUKLINGGAU,BENGKULU,MUSI RAWAS,102.921595,-3.183102,"1,28"
433,LLG261,Sukomulyo Elemantary School,Sekolah / Kampus,KOTA LUBUKLINGGAU,BENGKULU,MUSI RAWAS,102.921917,-3.187018,"0,87"
434,LLG261,PUSKESMAS PETANANG ,Rumah Sakit,KOTA LUBUKLINGGAU,BENGKULU,MUSI RAWAS,102.924979,-3.197287,"0,65"
435,LLG261,SDN 83 Lubuklinggau,Sekolah / Kampus,KOTA LUBUKLINGGAU,BENGKULU,MUSI RAWAS,102.924673,-3.197428,"0,63"
436,LLG261,Masjid Jami' Nur Hidayah Margorejo ,Tempat Ibadah,KOTA LUBUKLINGGAU,BENGKULU,MUSI RAWAS,102.922123,-3.196934,"0,37"
437,LLG261,MUSHOLA AL-AMIN,Tempat Ibadah,KOTA LUBUKLINGGAU,BENGKULU,MUSI RAWAS,102.930681,-3.197139,"1,24"
438,LLG261,Elementary School No. 3 Srikaton,Sekolah / Kampus,KOTA LUBUKLINGGAU,BENGKULU,MUSI RAWAS,102.93251,-3.196523,"1,43"
439,MBB023,Mushola An-Nur ,Tempat Ibadah,MUSI RAWAS,BENGKULU,MUSI RAWAS,102.967891,-3.140243,"1,16"
440,MBB023,Majelis Taklim (MT) Nurjannah ,Tempat Ibadah,MUSI RAWAS,BENGKULU,MUSI RAWAS,102.976862,-3.151325,"0,44"
441,MBB023,MASJID NURUL IKHSAN,Tempat Ibadah,MUSI RAWAS,BENGKULU,MUSI RAWAS,102.969159,-3.150042,"0,69"
442,MBB023,SD Negeri G2 Dwijaya,Sekolah / Kampus,MUSI RAWAS,BENGKULU,MUSI RAWAS,102.973568,-3.149364,"0,23"
443,UQP018,Masjid,Tempat Ibadah,MUSI RAWAS,BENGKULU,MUSI RAWAS,103.217417,-3.453776,"0,09"
444,UQP018,SDN Gunung Kembang Baru,Sekolah / Kampus,MUSI RAWAS,BENGKULU,MUSI RAWAS,103.214622,-3.453945,"0,39"
445,UQP018,KANTOR DESA GK.Baru,Perkantoran,MUSI RAWAS,BENGKULU,MUSI RAWAS,103.213776,-3.452831,"0,49"
446,MBN017,Masjid Assa Iddin ,Tempat Ibadah,BATANG HARI,JAMBI,SAROLANGUN,103.230161,-1.727813,"1,10"
447,MBN017,Trio Batang Hari ,Sekolah / Kampus,BATANG HARI,JAMBI,SAROLANGUN,103.229509,-1.725274,"1,16"
448,MBN017,SMAN 6 Batang Hari,Sekolah / Kampus,BATANG HARI,JAMBI,SAROLANGUN,103.242862,-1.717715,"1,00"
449,MBN017,Pengadilan Agama Muara Bulian ,Perkantoran,BATANG HARI,JAMBI,SAROLANGUN,103.245978,-1.720542,"0,92"
450,MBN017,MIN 1/I Batanghari ,Sekolah / Kampus,BATANG HARI,JAMBI,SAROLANGUN,103.244117,-1.716582,"1,17"
451,MBN017,Terminal ,Public Transportation,BATANG HARI,JAMBI,SAROLANGUN,103.246819,-1.720573,"0,99"
452,MBN017,Kantor SAMSAT Muara Bulian,Perkantoran,BATANG HARI,JAMBI,SAROLANGUN,103.245999,-1.721177,"0,88"
453,MBN017,Pasar Kramat Tinggi,Pasar ,BATANG HARI,JAMBI,SAROLANGUN,103.246193,-1.722793,"0,81"
454,MBN017,SDN 198 PASAR BARU_MUARA BULIAN,Sekolah / Kampus,BATANG HARI,JAMBI,SAROLANGUN,103.24755,-1.726231,"0,86"
455,MBN017,Masjid ijtihadul 'amal,Tempat Ibadah,BATANG HARI,JAMBI,SAROLANGUN,103.238862,-1.726068,"0,12"
456,MBN056,SDN 106 /1 Pelayangan.Kecamatan Tembesi,Sekolah / Kampus,BATANG HARI,JAMBI,SAROLANGUN,103.091474,-1.679185,"1,26"
457,MBN056,Tahfiz Qur'an Desa Pelayangan ,Sekolah / Kampus,BATANG HARI,JAMBI,SAROLANGUN,103.096457,-1.679979,"0,73"
458,MBN056,Masjid Al - Muhajirin,Tempat Ibadah,BATANG HARI,JAMBI,SAROLANGUN,103.096869,-1.68119,"0,62"
459,MBN056,"Rantau kapas mudo, muara tembesi",Tempat Ibadah,BATANG HARI,JAMBI,SAROLANGUN,103.10218,-1.680808,"0,31"
460,MBN056,Pustu rantau kapas mudo,Rumah Sakit,BATANG HARI,JAMBI,SAROLANGUN,103.101212,-1.684777,"0,16"
461,MBN056,Mushola assyuhada,Tempat Ibadah,BATANG HARI,JAMBI,SAROLANGUN,103.09938,-1.687594,"0,53"
462,MBN056,SD Negeri 47 Batanghari,Sekolah / Kampus,BATANG HARI,JAMBI,SAROLANGUN,103.099781,-1.686427,"0,40"
463,MBN056,Masjid Baiturrahman ,Tempat Ibadah,BATANG HARI,JAMBI,SAROLANGUN,103.099065,-1.69224,"1,01"
464,MBN056,Tauladan,Sekolah / Kampus,BATANG HARI,JAMBI,SAROLANGUN,103.09942,-1.695893,"1,40"
465,SRJ062,Praktek Mandiri dr. Sheila Octaviani ,Rumah Sakit,SAROLANGUN,JAMBI,SAROLANGUN,102.588211,-1.961771,"0,27"
466,SRJ062,Masjid,Tempat Ibadah,SAROLANGUN,JAMBI,SAROLANGUN,102.589821,-1.957211,"0,32"
467,SRJ062,Kantor Pukeswan unit Air Hitam ,Rumah Sakit,SAROLANGUN,JAMBI,SAROLANGUN,102.601633,-1.966301,"1,49"
468,OKI174,Puskesmas Tulung Selapan ,Rumah Sakit,OGAN KOMERING ILIR,PALEMBANG,OGAN KOMERING ILIR,105.312314,-3.251458,"0,35"
469,OKI174,SD NEGERI 2 TULUNG SELAPAN,Sekolah / Kampus,OGAN KOMERING ILIR,PALEMBANG,OGAN KOMERING ILIR,105.31308,-3.250862,"0,39"
470,OKI174,Koramil Tulung Selapan ,Perkantoran,OGAN KOMERING ILIR,PALEMBANG,OGAN KOMERING ILIR,105.313053,-3.247152,"0,81"
471,OKI174,SMPN 1 TULUNG SELAPAN,Sekolah / Kampus,OGAN KOMERING ILIR,PALEMBANG,OGAN KOMERING ILIR,105.312737,-3.242978,"1,27"
472,OKI174,SDN 4 Tulung Selapan ,Sekolah / Kampus,OGAN KOMERING ILIR,PALEMBANG,OGAN KOMERING ILIR,105.317461,-3.250404,"0,63"
473,OKI174,Masjid Baitul Mukmin (LDII),Tempat Ibadah,OGAN KOMERING ILIR,PALEMBANG,OGAN KOMERING ILIR,105.316231,-3.249568,"0,62"
474,OKI174,Masjid As-samii',Tempat Ibadah,OGAN KOMERING ILIR,PALEMBANG,OGAN KOMERING ILIR,105.315158,-3.247324,"0,81"
475,OKI174,Masjid Al BAYIN ,Tempat Ibadah,OGAN KOMERING ILIR,PALEMBANG,OGAN KOMERING ILIR,105.315316,-3.252543,"0,29"
476,OKI174,SDN 5 TULUNG SELAPAN,Sekolah / Kampus,OGAN KOMERING ILIR,PALEMBANG,OGAN KOMERING ILIR,105.306149,-3.245329,"1,29"
477,OKI174,Balai Desa Petaling,Perkantoran,OGAN KOMERING ILIR,PALEMBANG,OGAN KOMERING ILIR,105.306609,-3.246747,"1,14"
478,OKI174,Kantorpos Tulung Selapan,Perkantoran,OGAN KOMERING ILIR,PALEMBANG,OGAN KOMERING ILIR,105.31006,-3.2466,"0,94"
479,OKI104,SDN 1 Seritanjung,Sekolah / Kampus,OGAN KOMERING ILIR,PALEMBANG,OGAN KOMERING ILIR,104.710733,-3.612666,"0,12"
480,OKI104,Masjid NURUL YAQIN,Tempat Ibadah,OGAN KOMERING ILIR,PALEMBANG,OGAN KOMERING ILIR,104.711646,-3.612056,"0,09"
481,OKI104,Masjid Al Ihsaniyah,Tempat Ibadah,OGAN KOMERING ILIR,PALEMBANG,OGAN KOMERING ILIR,104.714851,-3.599766,"1,48"
482,OKI104,TOKO TM TANJUNG BARU (NNN FROZENFOOD),Pasar ,OGAN KOMERING ILIR,PALEMBANG,OGAN KOMERING ILIR,104.709681,-3.614861,"0,33"
483,OKI191,Sd 2 tanjung alai ,Sekolah / Kampus,OGAN KOMERING ILIR,PALEMBANG,OGAN KOMERING ILIR,104.838247,-3.327433,"1,30"
484,OKI191,Mushola Al Mukhlisin Dusun IiI Desa Batu Ampar Baru ,Tempat Ibadah,OGAN KOMERING ILIR,PALEMBANG,OGAN KOMERING ILIR,104.841567,-3.31813,0.25
485,OKI191,Kantor Desa Batu Ampar Baru,Perkantoran,OGAN KOMERING ILIR,PALEMBANG,OGAN KOMERING ILIR,104.840734,-3.315161,"0,09"
486,OKI191,Masjid Al - Ikhlas,Tempat Ibadah,OGAN KOMERING ILIR,PALEMBANG,OGAN KOMERING ILIR,104.840712,-3.312818,"0,35"
487,OKI191,Masjid Darul Muttaqin,Tempat Ibadah,OGAN KOMERING ILIR,PALEMBANG,OGAN KOMERING ILIR,104.835451,-3.308424,"1,02"
488,OKI191,Kantor Desa Batu Ampar ,Perkantoran,OGAN KOMERING ILIR,PALEMBANG,OGAN KOMERING ILIR,104.833405,-3.304751,"1,49"
489,OKI191,SDN 1 & 2 Batu Ampar,Sekolah / Kampus,OGAN KOMERING ILIR,PALEMBANG,OGAN KOMERING ILIR,104.840539,-3.312296,"0,41"
490,MPR170,SMP NU TEBAT JAYA,Sekolah / Kampus,OGAN KOMERING ULU TIMUR,PALEMBANG,OGAN KOMERING ULU,104.497579,-4.23683,"0,87"
491,MPR170,Kantor Desa,Perkantoran,OGAN KOMERING ULU TIMUR,PALEMBANG,OGAN KOMERING ULU,104.498233,-4.232556,"1,36"
492,MPR170,SD NEGERI TEBAT JAYA,Sekolah / Kampus,OGAN KOMERING ULU TIMUR,PALEMBANG,OGAN KOMERING ULU,104.497355,-4.238846,"0,65"
493,MPR170,MI NU TEBAT JAYA,Sekolah / Kampus,OGAN KOMERING ULU TIMUR,PALEMBANG,OGAN KOMERING ULU,104.497808,-4.241578,"0,34"
494,MPR170,Masjid,Tempat Ibadah,OGAN KOMERING ULU TIMUR,PALEMBANG,OGAN KOMERING ULU,104.497773,-4.24184,"0,31"
495,MPR170,Pasar Tebat Jaya,Pasar ,OGAN KOMERING ULU TIMUR,PALEMBANG,OGAN KOMERING ULU,104.496672,-4.242979,"0,21"
496,MPR170,Masjid / musholla,Tempat Ibadah,OGAN KOMERING ULU TIMUR,PALEMBANG,OGAN KOMERING ULU,104.4948,-4.24261,"0,40"
497,MPR170,Masjid Miftahhul Huda,Tempat Ibadah,OGAN KOMERING ULU TIMUR,PALEMBANG,OGAN KOMERING ULU,104.499109°,-4.245128,"0,17"
498,MPR170,SDN 01 PATOK SONGO,Sekolah / Kampus,OGAN KOMERING ULU TIMUR,PALEMBANG,OGAN KOMERING ULU,104.490797,-4.24411,"0,78"
499,MPR170,Masjid,Tempat Ibadah,OGAN KOMERING ULU TIMUR,PALEMBANG,OGAN KOMERING ULU,104.491151,-4.244095,"0,74"
500,MPR160,PAUD SEBIDUK SEHALUAN TALI KASIH ,Sekolah / Kampus,OGAN KOMERING ULU TIMUR,PALEMBANG,OGAN KOMERING ULU,104.767401,-4.097821,"01,14"
501,MPR160,SD Negeri Sribantolo,Sekolah / Kampus,OGAN KOMERING ULU TIMUR,PALEMBANG,OGAN KOMERING ULU,104.769038,-4.09317,"0,61"
502,MPR160,Masjid,Tempat Ibadah,OGAN KOMERING ULU TIMUR,PALEMBANG,OGAN KOMERING ULU,104.772381,-4.089332,"0,06"
503,MPR160,"Pondok Pesantren Tahfidzul Quran, Desa Sribudaya",Sekolah / Kampus,OGAN KOMERING ULU TIMUR,PALEMBANG,OGAN KOMERING ULU,104.767874,-4.078964,"1,24"
504,MPR160,State Elementary School 1 Margomulyo,Sekolah / Kampus,OGAN KOMERING ULU TIMUR,PALEMBANG,OGAN KOMERING ULU,104.778586,-4.079151,"1,28"
505,MPR160,WAHANA AIR DAN TAMAN SVD MARGOMULYO,Tempat Wisata,OGAN KOMERING ULU TIMUR,PALEMBANG,OGAN KOMERING ULU,104.776432,-4.089073,"0,45"
506,MPR150,SD Terpadu Karang Kemiri Bk 8 ,Sekolah / Kampus,OGAN KOMERING ULU TIMUR,PALEMBANG,OGAN KOMERING ULU,104.625101,-4.162033,"1,05"
507,MPR150,MASJID NURUL HIDAYAH ,Tempat Ibadah,OGAN KOMERING ULU TIMUR,PALEMBANG,OGAN KOMERING ULU,104.623515,-4.167221,"0,68"
508,MPR150,SMP Muhammadiyah 03 Triyoso,Sekolah / Kampus,OGAN KOMERING ULU TIMUR,PALEMBANG,OGAN KOMERING ULU,104.62396,-4.167237,"0,64"
509,MPR150,MUSHOLLA NURUL IMAN news ,Tempat Ibadah,OGAN KOMERING ULU TIMUR,PALEMBANG,OGAN KOMERING ULU,104.626563,-4.166206,"0,55"
510,MPR150,SD Negeri Triyoso,Sekolah / Kampus,OGAN KOMERING ULU TIMUR,PALEMBANG,OGAN KOMERING ULU,104.627166,-4.169689,"0,19"
511,MPR150,MUSHOLLA AL HIDAYAH,Tempat Ibadah,OGAN KOMERING ULU TIMUR,PALEMBANG,OGAN KOMERING ULU,104.631675,-4.165002,"0,73"
512,OKU011,SDN 153 OKU ,Sekolah / Kampus,OGAN KOMERING ULU,PALEMBANG,OGAN KOMERING ULU,104.379489,-3.87334,"1,25"
513,OKU011,SDN 157 OKU ,Sekolah / Kampus,OGAN KOMERING ULU,PALEMBANG,OGAN KOMERING ULU,104.377398,-3.88259,"0,27"
514,OKU011,Masjid Istiqomah,Tempat Ibadah,OGAN KOMERING ULU,PALEMBANG,OGAN KOMERING ULU,104.376725,-3.885718,"0,26"
515,OKU011,Yayasan Al Amin Salafiyah Al Waaliyah,Sekolah / Kampus,OGAN KOMERING ULU,PALEMBANG,OGAN KOMERING ULU,104.374566,-3.886226,"0,50"
516,OKU011,Stasiun Peninjawan ,Public Transportation,OGAN KOMERING ULU,PALEMBANG,OGAN KOMERING ULU,104.376497,-3.879898,0.58
517,IDY005,Masjid Al-Muttaqin Desa Belanti,Tempat Ibadah,OGAN ILIR,PALEMBANG,PRABUMULIH,104.755333,-3.336705,"1,17"
518,IDY005,Masjid Baitul Amal ,Tempat Ibadah,OGAN ILIR,PALEMBANG,PRABUMULIH,104.763638,-3.346862,"0,31"
519,IDY005,Poskesdes belanti ,Rumah Sakit,OGAN ILIR,PALEMBANG,PRABUMULIH,104.761301,-3.346381,"0,09"
520,IDY005,MASJID AL-MUHAJIRIN TANJUNG ELOK,Tempat Ibadah,OGAN ILIR,PALEMBANG,PRABUMULIH,104.759685,-3.348574,"0,37"
521,IDY005,SMP Negeri 3 Tanjung Raja,Sekolah / Kampus,OGAN ILIR,PALEMBANG,PRABUMULIH,104.7583,-3.346155,"0,33"
522,IDY005,SDN 26 TANJUNG RAJA,Sekolah / Kampus,OGAN ILIR,PALEMBANG,PRABUMULIH,104.756678,-3.347465,"0,54"
523,IDY005,TK ABA (Aisyiyah) Tanjung raja OI,Sekolah / Kampus,OGAN ILIR,PALEMBANG,PRABUMULIH,104.773336,-3.349217,"1,41"
524,IDY005,Masjid Darusalam,Tempat Ibadah,OGAN ILIR,PALEMBANG,PRABUMULIH,104.773688,-3.345624,"1,40"
525,IDY005,SDN 16 Tanjung Raja,Sekolah / Kampus,OGAN ILIR,PALEMBANG,PRABUMULIH,104.769856,-3.343526,"0,99"
526,IDY005,Madrasah Tsanawiyah Negeri 02 Ogan Ilir,Sekolah / Kampus,OGAN ILIR,PALEMBANG,PRABUMULIH,104.769101,-3.343114,"0,92"
527,IDY005,Masjid Al Barokah (LDII),Tempat Ibadah,OGAN ILIR,PALEMBANG,PRABUMULIH,104.770272,-3.343198,"1,05"
528,IDY005,SMK YP Puncak Gemilang ,Sekolah / Kampus,OGAN ILIR,PALEMBANG,PRABUMULIH,104.76802,-3.344331,"0,77"
529,IDY005,SMP Negeri 1 Tanjung Raja ,Sekolah / Kampus,OGAN ILIR,PALEMBANG,PRABUMULIH,104.773416,-3.342877,"1,40"
530,IDY005,SMK PGRI Tanjung Raja,Sekolah / Kampus,OGAN ILIR,PALEMBANG,PRABUMULIH,104.773722,-3.342174,"1,45"
531,SAT123,Posbankum Tanjung Lalang,Perkantoran,MUARA ENIM,PALEMBANG,PRABUMULIH,103.789928,-3.844171,"0,86"
532,SAT123,Bumdes tanjung lalang,Perkantoran,MUARA ENIM,PALEMBANG,PRABUMULIH,103.7888,-3.843762,"0,99"
533,SAT123,SDN 16 Tanjung Agung,Sekolah / Kampus,MUARA ENIM,PALEMBANG,PRABUMULIH,103.790445,-3.844932,"0,80"
534,SAT123,RM. Mawar Enam,Hang Out Place (Café / Mall),MUARA ENIM,PALEMBANG,PRABUMULIH,103.800055,-3.83981,"0,63"
535,SAT123,Sekolah,Sekolah / Kampus,MUARA ENIM,PALEMBANG,PRABUMULIH,103.801604,-3.8412,"0,60"
536,SAT123,PT BUMI SAWINDO PERMAI MILL,Perkantoran,MUARA ENIM,PALEMBANG,PRABUMULIH,103.807326,-3.8489,"1,17"
537,SAT123,PLTU Sumsel - 8 (Huadian Bukit Asam Power),Perkantoran,MUARA ENIM,PALEMBANG,PRABUMULIH,103.807189,-3.841034,"1,15"
538,NTB096,MASJID MUAWIYAH BIN ABI SUFIYAN,Tempat Ibadah,MUARA ENIM,PALEMBANG,PRABUMULIH,104.136113,-3.564895,"0,45"
539,NTB096,Puskesmas Sugih Waras,Rumah Sakit,MUARA ENIM,PALEMBANG,PRABUMULIH,104.137901,-3.562689,"0,16"
540,NTB096,Kantor Kepala Desa,Perkantoran,MUARA ENIM,PALEMBANG,PRABUMULIH,104.138501,-3.562674,"0,18"
541,NTB096,SDN 6 RAMBANG,Sekolah / Kampus,MUARA ENIM,PALEMBANG,PRABUMULIH,104.142649,-3.560168,"0,56"
542,NTB096,SD N 5 Rambang,Sekolah / Kampus,MUARA ENIM,PALEMBANG,PRABUMULIH,104.144279,-3.558646,"0,78"
543,NTB096,Kantor Pos Sugih Waras,Perkantoran,MUARA ENIM,PALEMBANG,PRABUMULIH,104.144056,-3.558267,"0,77"
544,NTB096,Pasar Desa Sugih Waras,Pasar ,MUARA ENIM,PALEMBANG,PRABUMULIH,104.148257,-3.553473,"0,84"
545,NTB096,Masjid Jami' Assyuhada Desa Sugih Waras,Tempat Ibadah,MUARA ENIM,PALEMBANG,PRABUMULIH,104.147881,-3.552271,"1,45"
546,NTB096,Mushola Nurul Asror,Tempat Ibadah,MUARA ENIM,PALEMBANG,PRABUMULIH,104.147875,-3.552253,"1,50"
547,NTB096,Masjid Jami' AT TAQWA,Tempat Ibadah,MUARA ENIM,PALEMBANG,PRABUMULIH,104.144432,-3.557046,"0,87"
548,PBM004,SDN 29 PRABUMULIH ,Sekolah / Kampus,MUARA ENIM,PALEMBANG,PRABUMULIH,104.230238,-3.397702,"0,81"
549,PBM004,"SD Negeri 69,70 Prabumulih",Sekolah / Kampus,KOTA PRABUMULIH,PALEMBANG,PRABUMULIH,104.228192,-3.399851,"0,65"
550,PBM004,Masjid Al Quds ,Tempat Ibadah,KOTA PRABUMULIH,PALEMBANG,PRABUMULIH,104.232374,-3.408355,"0,40"
551,PBM004,TPA &IPLT ,Sekolah / Kampus,KOTA PRABUMULIH,PALEMBANG,PRABUMULIH,104.237231,-3.404827,"0,68"
552,PBM004,Masjid Al Ikhlas,Tempat Ibadah,KOTA PRABUMULIH,PALEMBANG,PRABUMULIH,104.238506,-3.410971,"1,06"
553,KLA346,Masjid Nurul Amal,Tempat Ibadah,PRINGSEWU,LAMPUNG,PRINGSEWU LAMPUNG TIMUR,105.049384,-5.335477,"01,07"
554,KLA346,SMP Negeri 3 Gading Rejo,Sekolah / Kampus,PRINGSEWU,LAMPUNG,PRINGSEWU LAMPUNG TIMUR,105.05417,-5.335616,"0,82"
555,KLA346,"LPK AL-MADINAH KOREA
LPK AL-MADINAH KOREA",Sekolah / Kampus,PRINGSEWU,LAMPUNG,PRINGSEWU LAMPUNG TIMUR,105.059645,-5.327405,"0,50"
556,GTT002,SMPN 6 Pesawaran,Sekolah / Kampus,PESAWARAN,LAMPUNG,PRINGSEWU LAMPUNG TIMUR,105.171956,-5.190985,"0,80"
557,GTT002,Masjid BAITUL AZIZ,Tempat Ibadah,PESAWARAN,LAMPUNG,PRINGSEWU LAMPUNG TIMUR,105.172588,-5.191441,"0,77"
558,GTT002,Masjid karya agung,Tempat Ibadah,PESAWARAN,LAMPUNG,PRINGSEWU LAMPUNG TIMUR,105.175014,-5.188457,"0,38"
559,GTT002,Masjid Jamie An- Nasihah,Tempat Ibadah,PESAWARAN,LAMPUNG,PRINGSEWU LAMPUNG TIMUR,105.178286,-5.191577,"0,45"
560,GTT002,Kantorpos Tegineneng,Perkantoran,PESAWARAN,LAMPUNG,PRINGSEWU LAMPUNG TIMUR,105.178153,-5.187582,"0,02"
561,GTT002,Polsek Tegineneng,Perkantoran,PESAWARAN,LAMPUNG,PRINGSEWU LAMPUNG TIMUR,105.178391,-5.185478,"0,23"
562,GTT002,Masjid marga taqwa peninjauan,Tempat Ibadah,PESAWARAN,LAMPUNG,PRINGSEWU LAMPUNG TIMUR,105.176472,-5.18384,"0,46"
563,GTT002,PT. Wijaya Karya Beton (PPWB),Perkantoran,PESAWARAN,LAMPUNG,PRINGSEWU LAMPUNG TIMUR,105.178411,-5.182987,"0,51"
564,GTT002,PT Haldin Pacific Semesta ,Perkantoran,PESAWARAN,LAMPUNG,PRINGSEWU LAMPUNG TIMUR,105.179553°,-5.180104,"0,84"
565,GTT002,PT. Malindo Feedmill.Tbk ,Perkantoran,PESAWARAN,LAMPUNG,PRINGSEWU LAMPUNG TIMUR,105.180242,-5.179029,"0,97"
566,GTT002,Musholla Al-muhajirin,Tempat Ibadah,PESAWARAN,LAMPUNG,PRINGSEWU LAMPUNG TIMUR,105.180668,-5.17946,"0,94"
567,GTT002,Masjid AN-NUR Sidobasuki,Tempat Ibadah,PESAWARAN,LAMPUNG,PRINGSEWU LAMPUNG TIMUR,105.181932,-5.175798,"1,36"
568,GTT002,St. Benedict Catholic Church Tegineneng ,Tempat Ibadah,PESAWARAN,LAMPUNG,PRINGSEWU LAMPUNG TIMUR,105.182401,-5.176853,"1,27"
569,SKD208,madin dan mushola nural huda,Tempat Ibadah,LAMPUNG TIMUR,LAMPUNG,PRINGSEWU LAMPUNG TIMUR,105.593833,-5.446208,0.26
570,SKD208,sdn karang anom,Sekolah / Kampus,LAMPUNG TIMUR,LAMPUNG,PRINGSEWU LAMPUNG TIMUR,105.593824,-5.447784,0.42
571,SKD208,smk terpadu waway karya,Sekolah / Kampus,LAMPUNG TIMUR,LAMPUNG,PRINGSEWU LAMPUNG TIMUR,105.592453,-5.448184,0.44
572,SKD208,smk AL-BAROKAJH,Sekolah / Kampus,LAMPUNG TIMUR,LAMPUNG,PRINGSEWU LAMPUNG TIMUR,105.592928,-5.448326,0.46
573,SKD208,PP.AL-Falan,Sekolah / Kampus,LAMPUNG TIMUR,LAMPUNG,PRINGSEWU LAMPUNG TIMUR,105.591418,-5.441846,0.26
574,SKD208,masjid jami'Nurul huda,Tempat Ibadah,LAMPUNG TIMUR,LAMPUNG,PRINGSEWU LAMPUNG TIMUR,105.588858,-5.442874,0.44
575,SKD208,pasar karang anom,Pasar ,LAMPUNG TIMUR,LAMPUNG,PRINGSEWU LAMPUNG TIMUR,105.593001,-5.445813,0.19
576,SKD208,sman 1 waway karya,Sekolah / Kampus,LAMPUNG TIMUR,LAMPUNG,PRINGSEWU LAMPUNG TIMUR,105.588828,-5.433017,1.31
577,SKD208,musholla Assyafi'iyah,Tempat Ibadah,LAMPUNG TIMUR,LAMPUNG,PRINGSEWU LAMPUNG TIMUR,105.58488,-5.44371,0.86
578,SKD208,musholla H.gianto,Tempat Ibadah,LAMPUNG TIMUR,LAMPUNG,PRINGSEWU LAMPUNG TIMUR,105.585962,-5.440578,0.84
579,SKD208,masjid baiturrahman,Tempat Ibadah,LAMPUNG TIMUR,LAMPUNG,PRINGSEWU LAMPUNG TIMUR,105.586014,-5.451028,1.06
580,SKD208,madin al-barokah,Sekolah / Kampus,LAMPUNG TIMUR,LAMPUNG,PRINGSEWU LAMPUNG TIMUR,105.587997,-5.449595,0.79
581,SKD208,pondok pesantern nurul hikam,Sekolah / Kampus,LAMPUNG TIMUR,LAMPUNG,PRINGSEWU LAMPUNG TIMUR,105.585759,-5.45435,1.35
582,SKD208,mushola pangeran diponegoro,Tempat Ibadah,LAMPUNG TIMUR,LAMPUNG,PRINGSEWU LAMPUNG TIMUR,105.580499,-5.442149,1.36
583,SKD208,Tk ananda sumber rejo ,Sekolah / Kampus,LAMPUNG TIMUR,LAMPUNG,PRINGSEWU LAMPUNG TIMUR,105.597099,-5.432647,1.37
584,SKD194,masijid narulloh,Tempat Ibadah,LAMPUNG TIMUR,LAMPUNG,PRINGSEWU LAMPUNG TIMUR,105.714448,-5.208423,1.15
585,SKD194,"RM SA putri,desa jepara",Hang Out Place (Café / Mall),LAMPUNG TIMUR,LAMPUNG,PRINGSEWU LAMPUNG TIMUR,105.713813,-5.20704,1.31
586,SKD194,"kantor hukum iqbal T Gani,SH&Rekan",Perkantoran,LAMPUNG TIMUR,LAMPUNG,PRINGSEWU LAMPUNG TIMUR,105.714309,-5.207703,1.22
587,SKD194,kantor Pengacara Riyan Afrizal&Rekan,Perkantoran,LAMPUNG TIMUR,LAMPUNG,PRINGSEWU LAMPUNG TIMUR,105.717118,-5.211434,0.71
588,SKD194,RM.Farhan putra,Hang Out Place (Café / Mall),LAMPUNG TIMUR,LAMPUNG,PRINGSEWU LAMPUNG TIMUR,105.717327,-5.211085,0.72
589,SKD194,Masjid Agung Nurullah,Tempat Ibadah,LAMPUNG TIMUR,LAMPUNG,PRINGSEWU LAMPUNG TIMUR,105.718599,-5.212819,0.48
590,SKD194,masjid sabilul Huda,Tempat Ibadah,LAMPUNG TIMUR,LAMPUNG,PRINGSEWU LAMPUNG TIMUR,105.719203,-5.214066,0.35
591,SKD194,SD N2 Braja caka,Sekolah / Kampus,LAMPUNG TIMUR,LAMPUNG,PRINGSEWU LAMPUNG TIMUR,105.721433,-5.215424,0.06
592,SKD194,Rumah makan barokah jaya,Hang Out Place (Café / Mall),LAMPUNG TIMUR,LAMPUNG,PRINGSEWU LAMPUNG TIMUR,105.725634,-5.22775,1.41
593,SKD194,ponpes alquran nurul iklhlas ,Sekolah / Kampus,LAMPUNG TIMUR,LAMPUNG,PRINGSEWU LAMPUNG TIMUR,105.725227,-5.22555,1.71
594,SKD194,masjid Nurrohim,Tempat Ibadah,LAMPUNG TIMUR,LAMPUNG,PRINGSEWU LAMPUNG TIMUR,105.726288,-5.224741,1.13
595,SKD194,Smp muhammadiyah 2 way jepara,Sekolah / Kampus,LAMPUNG TIMUR,LAMPUNG,PRINGSEWU LAMPUNG TIMUR,105.722729,-5.216483,0.14
596,SKD194,masjid jannatul Akmal ,Tempat Ibadah,LAMPUNG TIMUR,LAMPUNG,PRINGSEWU LAMPUNG TIMUR,105.714146,-5.219939,0.99
597,SKD194,musholah al-barokah,Tempat Ibadah,LAMPUNG TIMUR,LAMPUNG,PRINGSEWU LAMPUNG TIMUR,105.727098,-5.224817,1.17
598,SKD037,masjid jami' nurul iman Sripendowo,Tempat Ibadah,LAMPUNG TIMUR,LAMPUNG,PRINGSEWU LAMPUNG TIMUR,105.708282,-5.300214,0.46
599,SKD037,masjid baitul mushola,Tempat Ibadah,LAMPUNG TIMUR,LAMPUNG,PRINGSEWU LAMPUNG TIMUR,105.698723,-5.293559,1.08
600,SKD037,sdn 2 sripendowo,Sekolah / Kampus,LAMPUNG TIMUR,LAMPUNG,PRINGSEWU LAMPUNG TIMUR,105.714311,-5.303366,1.12
601,SKD037,smp pgri 2 BANDAR SRIBHWONO,Sekolah / Kampus,LAMPUNG TIMUR,LAMPUNG,PRINGSEWU LAMPUNG TIMUR,105.708051,-5.303311,0.45
602,SKD037,UPTD SD Negeri 2 Bandar Agung,Sekolah / Kampus,LAMPUNG TIMUR,LAMPUNG,PRINGSEWU LAMPUNG TIMUR,105.698163,-5.302164,0.7
603,SKD037,Masjid AL mashurin (LDII),Sekolah / Kampus,LAMPUNG TIMUR,LAMPUNG,PRINGSEWU LAMPUNG TIMUR,105.708887,-5.296902,0.71
604,SKD037,Masjid Nurul Jihad,Sekolah / Kampus,LAMPUNG TIMUR,LAMPUNG,PRINGSEWU LAMPUNG TIMUR,105.710019,-5.296702,0.82
605,SKD037,Masjid LDII(Baitul Mubarok,Sekolah / Kampus,LAMPUNG TIMUR,LAMPUNG,PRINGSEWU LAMPUNG TIMUR,105.707155,-5.308532,0.84
606,SKD037,Enggal Waras Medical Center ,Rumah Sakit,LAMPUNG TIMUR,LAMPUNG,PRINGSEWU LAMPUNG TIMUR,105.714793,-5.307389,1.83
607,SKD037,ponpes Babussalam Al-hikmah,Sekolah / Kampus,LAMPUNG TIMUR,LAMPUNG,PRINGSEWU LAMPUNG TIMUR,105.692784,-5.303746,2.83
608,SKD037,Yayasan Darussalam Bandar Agung,Sekolah / Kampus,LAMPUNG TIMUR,LAMPUNG,PRINGSEWU LAMPUNG TIMUR,105.696224,-5.296562,3.83
609,SKD037,masjid Al Islah,Tempat Ibadah,LAMPUNG TIMUR,LAMPUNG,PRINGSEWU LAMPUNG TIMUR,105.700176,-5.297304,4.83
610,SKD037,Yayasan Baiturrahman Bandar Agung,Sekolah / Kampus,LAMPUNG TIMUR,LAMPUNG,PRINGSEWU LAMPUNG TIMUR,105.691837,-5.299443,1.42
611,SKD037,Darul falah,Tempat Ibadah,LAMPUNG TIMUR,LAMPUNG,PRINGSEWU LAMPUNG TIMUR,105.702267,-5.305014,0.46
612,SKD037,Mushola babussalam al ikhsan,Tempat Ibadah,LAMPUNG TIMUR,LAMPUNG,PRINGSEWU LAMPUNG TIMUR,105.691682,-5.303921,1.43
613,SKD037,asmira stuido cafe n karaoke,Hang Out Place (Café / Mall),LAMPUNG TIMUR,LAMPUNG,PRINGSEWU LAMPUNG TIMUR,105.713173,-5.311244,1.46
614,SKD037,toko sumber baru,Pasar ,LAMPUNG TIMUR,LAMPUNG,PRINGSEWU LAMPUNG TIMUR,105.708149,-5.294346,0.9
615,SKD037,masjid baiturrahim,Tempat Ibadah,LAMPUNG TIMUR,LAMPUNG,PRINGSEWU LAMPUNG TIMUR,105.714708,-5.295313,1.34
616,KTL126,SDN 152/V Betara kiri,Sekolah / Kampus,TANJUNG JABUNG BARAT,JAMBI,TANJUNG JABUNG,103.494079,-0.883876,0.54
617,KTL126,smp negeri 3 betara,Sekolah / Kampus,TANJUNG JABUNG BARAT,JAMBI,TANJUNG JABUNG,103.496236,-0.886758,0.94
618,KTL126,Masjid An-Nur,Tempat Ibadah,TANJUNG JABUNG BARAT,JAMBI,TANJUNG JABUNG,103.492281,-0.879609,0.03
619,KTL126,kantor camat kuala betara,Perkantoran,TANJUNG JABUNG BARAT,JAMBI,TANJUNG JABUNG,103.491473,-0.880075,0.1
620,KTL126,Sd Negeri 012 Tanjung jabung barat,Sekolah / Kampus,TANJUNG JABUNG BARAT,JAMBI,TANJUNG JABUNG,103.479613,-0.87689,1.41
621,KTL126,KUA Kuala Batara,Perkantoran,TANJUNG JABUNG BARAT,JAMBI,TANJUNG JABUNG,103.493091,-0.865755,1.52
622,KTL126,Majid As -Syuhada,Tempat Ibadah,TANJUNG JABUNG BARAT,JAMBI,TANJUNG JABUNG,103.480769,-0.876881,1.29
623,KTL126,Puskesmas parit deli,Rumah Sakit,TANJUNG JABUNG BARAT,JAMBI,TANJUNG JABUNG,103.490371, -0.880210°,0.21
624,KTL126,Kantor Desa Betara lkanan,Perkantoran,TANJUNG JABUNG BARAT,JAMBI,TANJUNG JABUNG,103.479114,-0.87554,1.5
625,KTL128,SDN 34/V Sungai Saren,Sekolah / Kampus,TANJUNG JABUNG BARAT,JAMBI,TANJUNG JABUNG,103.399759,-0.877325,0.19
626,KTL128,TK AL-HIDAYAT ,Sekolah / Kampus,TANJUNG JABUNG BARAT,JAMBI,TANJUNG JABUNG,103.398671,-0.877473,0.07
627,KTL128,TPA AR-RAUDHAH,Sekolah / Kampus,TANJUNG JABUNG BARAT,JAMBI,TANJUNG JABUNG,103.399571,-0.874978,0.31
628,KTL128,Masjid Nurul Hikmah,Tempat Ibadah,TANJUNG JABUNG BARAT,JAMBI,TANJUNG JABUNG,103.399999,-0.875232,0.32
629,KTL128,Kantor Desa Pantai Gading,Perkantoran,TANJUNG JABUNG BARAT,JAMBI,TANJUNG JABUNG,103.396671,-0.873766,0.43
630,KTL128,masjid Baiturrahman pelayangan,Tempat Ibadah,TANJUNG JABUNG BARAT,JAMBI,TANJUNG JABUNG,103.397478,-0.875445,0.22
631,KTL128,masjid,Tempat Ibadah,TANJUNG JABUNG BARAT,JAMBI,TANJUNG JABUNG,103.397609,-0.875246,0.24
632,KTL128,PT  Global Vision Impex -kuala Tungkal,Perkantoran,TANJUNG JABUNG BARAT,JAMBI,TANJUNG JABUNG,103.405125,-0.867383,1.35
633,KTL128,Masjid/Musholla ,Tempat Ibadah,TANJUNG JABUNG BARAT,JAMBI,TANJUNG JABUNG,103.404661,-0.869559,1.14
634,KTL128,Majid NURUL HIDAYAH,Tempat Ibadah,TANJUNG JABUNG BARAT,JAMBI,TANJUNG JABUNG,103.396993,-0.883112,0.65
635,KTL128,TPS 6 BRAM ITAM KIRI,Sekolah / Kampus,TANJUNG JABUNG BARAT,JAMBI,TANJUNG JABUNG,103.397579,-0.878109,0.1
636,KTL128,MI Nurussa'adah Sungai Saren/tps 06 dan 07 Kel.Bram Itam KirI ,Sekolah / Kampus,TANJUNG JABUNG BARAT,JAMBI,TANJUNG JABUNG,103.397469,-0.878035,0.1
637,KTL128,md nurul khair,Sekolah / Kampus,TANJUNG JABUNG BARAT,JAMBI,TANJUNG JABUNG,103.387346,-0.881276,1.27
638,KTL128,Sei saren kampung melayu,Tempat Wisata,TANJUNG JABUNG BARAT,JAMBI,TANJUNG JABUNG,103.388946,-0.879448,1.04
639,KTL128,Guru/ TPS 4 BRAM ITAM KIRI,Sekolah / Kampus,TANJUNG JABUNG BARAT,JAMBI,TANJUNG JABUNG,103.399621,-0.877421,0.17
640,KTL128,BUMDESMA MAYANG MANGURAI KECAMATAN BRAM ITAM,Perkantoran,TANJUNG JABUNG BARAT,JAMBI,TANJUNG JABUNG,103.402165,-0.871372,0.8
641,KTL128,Kantor Kelurahan Bram Itam Kiri/sei Saren,Perkantoran,TANJUNG JABUNG BARAT,JAMBI,TANJUNG JABUNG,103.402153,-0.871271,0.81
642,KTL128,MTs Nurussa'adah/TPS 05 Kel. Bram Itam Kiri,Sekolah / Kampus,TANJUNG JABUNG BARAT,JAMBI,TANJUNG JABUNG,103.400536,-0.879274,0.34
643,KTL128,MA Nurussa'adah Sei Saren,Sekolah / Kampus,TANJUNG JABUNG BARAT,JAMBI,TANJUNG JABUNG,103.40028,-0.879535,0.34
644,KTL137,Masjid Darul Mutaqin,Tempat Ibadah,TANJUNG JABUNG BARAT,JAMBI,TANJUNG JABUNG,103.011116,-1.266531,0.5
645,KTL137,Kantor Pemerintahan Desa Lubuk Terap,Perkantoran,TANJUNG JABUNG BARAT,JAMBI,TANJUNG JABUNG,103.014381,-1.260354,0.29
646,KTL137,Musholla Al-Muhajirin,Tempat Ibadah,TANJUNG JABUNG BARAT,JAMBI,TANJUNG JABUNG,103.015474,1.261744,0.23
647,KTL137,SD Negeri 068 Tanjung Jabung Barat,Sekolah / Kampus,TANJUNG JABUNG BARAT,JAMBI,TANJUNG JABUNG,103.015668,-1.260935,0.3
648,MSK082,Pondok Pesantren Darussalam Rantau Indah,Sekolah / Kampus,TANJUNG JABUNG TIMUR,JAMBI,TANJUNG JABUNG,103.953089,-1.209171,1.41
649,MSK082,Bintang Smart ,Sekolah / Kampus,TANJUNG JABUNG TIMUR,JAMBI,TANJUNG JABUNG,103.95101,-1.208373,1.23
650,MSK082,MUSHOLA AL-MUNAWAROH,Tempat Ibadah,TANJUNG JABUNG TIMUR,JAMBI,TANJUNG JABUNG,103.949726,-1.208725,1.08
651,MSK082,Masjid Khoirul hidayah,Tempat Ibadah,TANJUNG JABUNG TIMUR,JAMBI,TANJUNG JABUNG,103.943071,-1.212129,0.25
652,MSK052,Sd 120 kota harapan,Sekolah / Kampus,TANJUNG JABUNG TIMUR,JAMBI,TANJUNG JABUNG,103.95443,-1.010059,0.97
653,MSK052,Kantor Pemerintahan Kota Harapan,Perkantoran,TANJUNG JABUNG TIMUR,JAMBI,TANJUNG JABUNG,103.953824,-1.009899,0.97
654,MSK052,SMA LPM LAMBUR,Sekolah / Kampus,TANJUNG JABUNG TIMUR,JAMBI,TANJUNG JABUNG,103.95155,-1.013835,0.52
655,MSK052,KANTOR DESA LAMBUR,Perkantoran,TANJUNG JABUNG TIMUR,JAMBI,TANJUNG JABUNG,103.951556,-1.012637,0.65
656,MSK052,MDT AS'ADIYAH LAMBUR,Sekolah / Kampus,TANJUNG JABUNG TIMUR,JAMBI,TANJUNG JABUNG,103.951548,-1.012404,0.68
657,MSK052,SDN 14 LAMBUR,Sekolah / Kampus,TANJUNG JABUNG TIMUR,JAMBI,TANJUNG JABUNG,103.952528,-1.012017,0.72
658,MSK052,Masjid Agung Darussalam,Tempat Ibadah,TANJUNG JABUNG TIMUR,JAMBI,TANJUNG JABUNG,103.9513,-1.009106,1.05
659,MSK052,SMPN 11 Tanjabtim,Sekolah / Kampus,TANJUNG JABUNG TIMUR,JAMBI,TANJUNG JABUNG,103.95029,-1.007706,1.21
660,MSK052,Masjid nurul yaqin,Tempat Ibadah,TANJUNG JABUNG TIMUR,JAMBI,TANJUNG JABUNG,103.951261,-1.006911,1.29
661,MSK052,Musholla AL AMIN,Tempat Ibadah,TANJUNG JABUNG TIMUR,JAMBI,TANJUNG JABUNG,103.95246,-1.028832,1.15
662,MSK052,Musholla BAITURRAHMAN,Tempat Ibadah,TANJUNG JABUNG TIMUR,JAMBI,TANJUNG JABUNG,103.953322,-1.008076,1.16
663,MAB109,SDN 74/II TANAH PERIUK ,Sekolah / Kampus,BUNGO,JAMBI,TEBO BUNGO,101.963459,-1.399824,1.35
664,MAB109,Min 4 bungo ,Sekolah / Kampus,BUNGO,JAMBI,TEBO BUNGO,101.964294,-1.400166,1.3
665,MAB109,SMAN 16 Bungo,Sekolah / Kampus,BUNGO,JAMBI,TEBO BUNGO,101.969946,-1.395787,0.51
666,MAB109,Madin Mubalighin,Sekolah / Kampus,BUNGO,JAMBI,TEBO BUNGO,101.963156,-1.399137,1.34
667,MAB109,MUSHOLLA NURUSSALAM ,Tempat Ibadah,BUNGO,JAMBI,TEBO BUNGO,101.966326,-1.394697,0.8
668,MAB109,Aulia Coffee Shop & Food,Hang Out Place (Café / Mall),BUNGO,JAMBI,TEBO BUNGO,101.973725,-1.392453,0.1
669,MAB109,Masjid Nurussa'adah,Tempat Ibadah,BUNGO,JAMBI,TEBO BUNGO,101.96557,-1.390364,0.87
670,MAB109, SMPN 4 TANAH SEPENGGAL,Sekolah / Kampus,BUNGO,JAMBI,TEBO BUNGO,101.965311,-1.397192,1.02
671,MAB109,SMP TANAH PERIUK,Sekolah / Kampus,BUNGO,JAMBI,TEBO BUNGO,101.965098,-1.397158,1
672,MAB109,Simpang Desa Tanah Periuk (Wisata Dam Sungai Limau),Tempat Wisata,BUNGO,JAMBI,TEBO BUNGO,101.967738,-1.391119,0.62
673,MAB109,TAHFIZUL QUR'AN ALHUSNA ,Sekolah / Kampus,BUNGO,JAMBI,TEBO BUNGO,101.960998,-1.389551,1.39
674,MAB109,Pondok Pesantren Dar El Quran Asri Bungo,Sekolah / Kampus,BUNGO,JAMBI,TEBO BUNGO,101.966479,-1.395503,0.81
675,MAB109,Pulau Tengah Wisata Dam Sungai Limau,Tempat Wisata,BUNGO,JAMBI,TEBO BUNGO,101.964848,-1.394916,0.96
676,MAB109,Toko Telaga Akbar,Pasar ,BUNGO,JAMBI,TEBO BUNGO,101.965718,-1.395765,0.9
677,MTB087,Masjid Baitul Muttaqin,Tempat Ibadah,TEBO,JAMBI,TEBO BUNGO,102.658274,-1.483254,0.04
678,MTB087,SMA Negeri 13 Tebo ,Sekolah / Kampus,TEBO,JAMBI,TEBO BUNGO,102.658659,-1.483105,0.08
679,MTB087,TK Pertiwi Rantau api,Sekolah / Kampus,TEBO,JAMBI,TEBO BUNGO,102.658898,-1.482413,0.14
680,MTB087,Pondok Pesantren Futuhiyyah Al-Islami,Sekolah / Kampus,TEBO,JAMBI,TEBO BUNGO,102.659927,-1.481061,0.33
681,MTB087,Ram rantau api,Perkantoran,TEBO,JAMBI,TEBO BUNGO,102.658414,-1.484542,0.15
682,MTB087,Polsek Tengah Ilir,Perkantoran,TEBO,JAMBI,TEBO BUNGO,102.658916,-1.484451,0.17
683,MTB087,kantor perumahan rantau permai,Perkantoran,TEBO,JAMBI,TEBO BUNGO,102.667627,-1.473163,1.55
684,MTB087,pmb bidan,Rumah Sakit,TEBO,JAMBI,TEBO BUNGO,102.666234,-1.475141,1.29
685,MTB087,Mushola Nurul Jannah,Tempat Ibadah,TEBO,JAMBI,TEBO BUNGO,102.648154,-1.476507,1.32
686,MGA254,KANTOR TENAGA TEKNIK PLN KARMADI,Perkantoran,TULANG BAWANG BARAT,LAMPUNG,TULANG BAWANG,105.045644,-4.196659,1.34
687,MGA254,Embung jaya murni,Tempat Wisata,TULANG BAWANG BARAT,LAMPUNG,TULANG BAWANG,105.053387,-4.194456,0.45
688,MGA254,GBI Mawar Saron Sp 7,Tempat Ibadah,TULANG BAWANG BARAT,LAMPUNG,TULANG BAWANG,105.056668,-4.192723,0.04
689,MGA254,Al-fallah,Tempat Ibadah,TULANG BAWANG BARAT,LAMPUNG,TULANG BAWANG,105.054684,-4.179126,1.49
690,MGA254,SDN 1 JAYA MURNI,Sekolah / Kampus,TULANG BAWANG BARAT,LAMPUNG,TULANG BAWANG,105.050452,-4.194538,0.75
691,MGA254,Puskesmas,Rumah Sakit,TULANG BAWANG BARAT,LAMPUNG,TULANG BAWANG,105.05236,-4.194068,0.54
692,MGA254,GSG (Balai Tiyuh/Masyarakat) Tiyuh Jaya Murni,Perkantoran,TULANG BAWANG BARAT,LAMPUNG,TULANG BAWANG,105.052026,-4.193904,0.57
693,MGA254,Masjid Al Iman Jaya Murni,Tempat Ibadah,TULANG BAWANG BARAT,LAMPUNG,TULANG BAWANG,105.05181,-4.193466,0.59
694,MGA254,PASAR JAYA MURNI,Pasar ,TULANG BAWANG BARAT,LAMPUNG,TULANG BAWANG,105.051782,-4.192839,0.57
695,MGA254,BPM Eri Utami ( Bidan Praktek Mandiri ),Rumah Sakit,TULANG BAWANG BARAT,LAMPUNG,TULANG BAWANG,105.050696,-4.195122,0.75
696,MGA254,Masjid Jayamurni,Tempat Ibadah,TULANG BAWANG BARAT,LAMPUNG,TULANG BAWANG,105.052038,-4.200193,1.02
697,MGA254,Mbah Kamiran Dan Jemaat GBI,Tempat Ibadah,TULANG BAWANG BARAT,LAMPUNG,TULANG BAWANG,105.052105,-4.198869,0.89
698,MGA264,Balai Kampung Aji Murni Jaya ,Perkantoran,TULANGBAWANG,LAMPUNG,TULANG BAWANG,105.329859,-4.325633,1.16
699,MGA264,Mushola Miftahul Jannah,Tempat Ibadah,TULANGBAWANG,LAMPUNG,TULANG BAWANG,105.32916,-4.331089,0.56
700,MGA264,Tpq Tahfidzul Qur An Darul Falah,Sekolah / Kampus,TULANGBAWANG,LAMPUNG,TULANG BAWANG,105.330981,-4.327715,0.95
701,MGA264,Ponpes tahfidzul qur an chusnia aji murni jaya,Sekolah / Kampus,TULANGBAWANG,LAMPUNG,TULANG BAWANG,105.331106,-4.326976,1.03
702,MGA264,SDN 01 Penawar Baru,Sekolah / Kampus,TULANGBAWANG,LAMPUNG,TULANG BAWANG,105.327909,-4.346173,1.12
703,MGA264,Mushola Al Barokah,Tempat Ibadah,TULANGBAWANG,LAMPUNG,TULANG BAWANG,105.328961,-4.346248,1.13
704,MGA264,GPdI IMANUEL PENAWAR BARU,Tempat Ibadah,TULANGBAWANG,LAMPUNG,TULANG BAWANG,105.32751,-4.3439,0.89
705,MGA264,Vihara Buddha Dipa Mangala,Tempat Ibadah,TULANGBAWANG,LAMPUNG,TULANG BAWANG,105.333023,-4.325202,1.28
706,MGA264,PUSKESMAS PEMBANTU PENAWAR BARU,Rumah Sakit,TULANGBAWANG,LAMPUNG,TULANG BAWANG,105.326288,-4.341552,0.69
707,MGA264,Pasar Penawar Baru,Pasar ,TULANGBAWANG,LAMPUNG,TULANG BAWANG,105.326297,-4.342348,0.77
708,MGA264,Masjid Agung Al Ihklas,Tempat Ibadah,TULANGBAWANG,LAMPUNG,TULANG BAWANG,105.325763,-4.341917,0.75
709,MGA264,Balai Kampung Kampung Penawar Baru,Perkantoran,TULANGBAWANG,LAMPUNG,TULANG BAWANG,105.32671,-4.344682,0.99
710,MGA264,SD N 1 AJI MURNI,Sekolah / Kampus,TULANGBAWANG,LAMPUNG,TULANG BAWANG,105.326198,-4.327466,1.02
711,MGA151,Majelis taklim Al Kautsar ,Tempat Ibadah,TULANGBAWANG,LAMPUNG,TULANG BAWANG,105.846905,-4.49489,0.32
712,MGA151,MI Ma'arif 02,Sekolah / Kampus,TULANGBAWANG,LAMPUNG,TULANG BAWANG,105.851103,-4.492155,0.52
713,MGA151,MMQ ALHIKMAH,Sekolah / Kampus,TULANGBAWANG,LAMPUNG,TULANG BAWANG,105.851889,-4.49284,0.62
714,MGA151,Masjid alfalah,Tempat Ibadah,TULANGBAWANG,LAMPUNG,TULANG BAWANG,105.850948,-4.492806,0.51
715,MGA151,GPdI KARUNIA,Tempat Ibadah,TULANGBAWANG,LAMPUNG,TULANG BAWANG,105.856448,-4.483212,1.48
716,MGA151,TK ASSALAM,Sekolah / Kampus,TULANGBAWANG,LAMPUNG,TULANG BAWANG,105.843878,-4.478996,1.47
717,MGA151,HASBUNA ARGOBISNIS,Perkantoran,TULANGBAWANG,LAMPUNG,TULANG BAWANG,105.83854,-4.496336,0.99
718,MGA151,SDS MARGO SARI,Sekolah / Kampus,TULANGBAWANG,LAMPUNG,TULANG BAWANG,105.843449,-4.480195,1.35
719,MGA151,Bidan rista ,Rumah Sakit,TULANGBAWANG,LAMPUNG,TULANG BAWANG,105.843341,-4.493333,0.37
720,MGA151,SDS PUTRA JAYA,Sekolah / Kampus,TULANGBAWANG,LAMPUNG,TULANG BAWANG,105.846964,-4.496393,0.49
721,MGA151,Sendayu_mart,Pasar ,TULANGBAWANG,LAMPUNG,TULANG BAWANG,105.841942,-4.493423,0.82
722,MGA148,PONDOK PESANTREN ROUDLOTUL HIDAYAH,Sekolah / Kampus,TULANGBAWANG,LAMPUNG,TULANG BAWANG,105.394177,-4.285663,1.37
723,MGA148,Pondok Pesantren Miftahul Huda,Sekolah / Kampus,TULANGBAWANG,LAMPUNG,TULANG BAWANG,105.387262,-4.288826,0.54
724,MGA148,Masjid Agung Baiturohman,Tempat Ibadah,TULANGBAWANG,LAMPUNG,TULANG BAWANG,105.3869,-4.287875,0.58
725,MGA148,Taman Pendidikan Al-Qur'an Nurul Ikhlas,Tempat Ibadah,TULANGBAWANG,LAMPUNG,TULANG BAWANG,105.379038,-4.300542,1.11
726,MGA148,Polsek Gedung Aji ,Perkantoran,TULANGBAWANG,LAMPUNG,TULANG BAWANG,105.379038,-4.298277,0.87
727,MGA148,Mushola Al-Istiqomah,Tempat Ibadah,TULANGBAWANG,LAMPUNG,TULANG BAWANG,105.394947,-4.298277,1.29
728,MGA148,TPA Dusun Spontan Kampung Penawar ,Sekolah / Kampus,TULANGBAWANG,LAMPUNG,TULANG BAWANG,105.375159,-4.298479,1.19
729,MGA148,TPA NURUS SAFA'AH,Sekolah / Kampus,TULANGBAWANG,LAMPUNG,TULANG BAWANG,105.38046,-4.296659,0.64
730,MGA148,Masjid ar-ridho,Tempat Ibadah,TULANGBAWANG,LAMPUNG,TULANG BAWANG,105.379519,-4.297158,0.74
731,MGA148,Star Garden,Tempat Wisata,TULANGBAWANG,LAMPUNG,TULANG BAWANG,105.384088,-4.298471,0.47
732,MGA148,SDN 1 Kecubung Jaya,Sekolah / Kampus,TULANGBAWANG,LAMPUNG,TULANG BAWANG,105.385975,-4.292543,0.29
733,MGA148,SMAN 1 Gedung Aji,Sekolah / Kampus,TULANGBAWANG,LAMPUNG,TULANG BAWANG,105.388453,-4.291759,0.55
734,MGA148,Mushola Babu Rayyan,Tempat Ibadah,TULANGBAWANG,LAMPUNG,TULANG BAWANG,105.384677,-4.295794,0.46
735,MGA148,Kantor Kampung Kecubung Jaya,Perkantoran,TULANGBAWANG,LAMPUNG,TULANG BAWANG,105.384581,-4.291578,0.13
736,MGA148,PAUD KASIH BUNDA ,Sekolah / Kampus,TULANGBAWANG,LAMPUNG,TULANG BAWANG,105.386885,-4.292715,0.39
737,MGA148,Masjid Babussalam,Tempat Ibadah,TULANGBAWANG,LAMPUNG,TULANG BAWANG,105.386057,-4.291893,0.29
738,MGA148,Kantor Kampung Kecubung Mulya,Perkantoran,TULANGBAWANG,LAMPUNG,TULANG BAWANG,105.386093,-4.289282,0.39
739,MGA148,MASJID ANADWATU ROHMAN ,Tempat Ibadah,TULANGBAWANG,LAMPUNG,TULANG BAWANG,105.38609,-4.289481,0.4
740,MGA148,PAUD Cahaya Mulya,Sekolah / Kampus,TULANGBAWANG,LAMPUNG,TULANG BAWANG,105.385566,-4.289431,0.35
741,MGA128,SMAN 1 Penawartama,Sekolah / Kampus,TULANGBAWANG,LAMPUNG,TULANG BAWANG,105.477667,-4.18843,1.18
742,MGA128,KUA KEC. PENAWAR TAMA,Perkantoran,TULANGBAWANG,LAMPUNG,TULANG BAWANG,105.480316,-4.188027,1.45
743,MGA128,Taman Hiburan Maju Mapan,Tempat Wisata,TULANGBAWANG,LAMPUNG,TULANG BAWANG,105.47977,-4.188006,1.18
744,MGA128,majelis,Tempat Ibadah,TULANGBAWANG,LAMPUNG,TULANG BAWANG,105.467196,-4.184316,0.07
745,BLU087,Masjid/Mushollah ,Tempat Ibadah,WAY KANAN,LAMPUNG,WAY KANAN,104.535814,-4.691021,1.49
746,BLU087,Sekretariat PPS Cugah,Perkantoran,WAY KANAN,LAMPUNG,WAY KANAN,104.535696,-4.691401,1.45
747,BLU087,SD Negeri Cugah,Sekolah / Kampus,WAY KANAN,LAMPUNG,WAY KANAN,104.535262,-4.694551,1.16
748,BLU087,Masjid/Mushollah ,Tempat Ibadah,WAY KANAN,LAMPUNG,WAY KANAN,104.536636,-4.701445,0.49
749,BLU087,SD Negeri Gedung Pakuon,Sekolah / Kampus,WAY KANAN,LAMPUNG,WAY KANAN,104.537826,-4.701785,0.36
750,BLU087,PT. BATU HELAU MAKMUR,Perkantoran,WAY KANAN,LAMPUNG,WAY KANAN,104.54041,-4.705352,0.2
751,BLU087,Sektariat p4s serasan.ande agro,Perkantoran,WAY KANAN,LAMPUNG,WAY KANAN,104.540317,-4.707672,0.46
752,BLU087,Kantor Notaris Erwin Ponco,Perkantoran,WAY KANAN,LAMPUNG,WAY KANAN,104.539349,-4.710403,0.77
753,BLU087,Darul Fallah,Tempat Ibadah,WAY KANAN,LAMPUNG,WAY KANAN,104.538723,-4.716633,1.47
754,BLU087,GPDI KEDIRI I BHAKTI NEGARA,Tempat Ibadah,WAY KANAN,LAMPUNG,WAY KANAN,104.548812,-4.712096,1.32
755,BLU087,Waras jaya tralis,Perkantoran,WAY KANAN,LAMPUNG,WAY KANAN,104.550555,-4.708688,1.25
756,BLU087,Masjid Nurul Hidayah,Tempat Ibadah,WAY KANAN,LAMPUNG,WAY KANAN,104.54958,-4.702748,1
757,BLU087,MUSHOLA NURUL IMAN,Tempat Ibadah,WAY KANAN,LAMPUNG,WAY KANAN,104.549189,-4.701833,0.99
758,BLU087,Masjid Al-Muhajirin,Tempat Ibadah,WAY KANAN,LAMPUNG,WAY KANAN,104.547935,-4.6973,1.08
759,BLU087,Ahe An-Nur gedung pakuon,Sekolah / Kampus,WAY KANAN,LAMPUNG,WAY KANAN,104.531283,-4.696969,1.26
760,BLU087,NUA MUFAKAT,Sekolah / Kampus,WAY KANAN,LAMPUNG,WAY KANAN,104.534626,-4.696351,1.03
761,BLU087,"Bidan Lia Widodo, Amd.Keb",Rumah Sakit,WAY KANAN,LAMPUNG,WAY KANAN,104.546618,-4.696774,1.02
762,BLU087,Masjid Jami Al Muttaqin,Tempat Ibadah,WAY KANAN,LAMPUNG,WAY KANAN,104.533508,-4.698453,0.96
763,BLU087,UPT SDN 01 Bumi Merapi ,Sekolah / Kampus,WAY KANAN,LAMPUNG,WAY KANAN,104.547753,-4.698446,0.99
764,BLU069,SD Negeri Bumi Ratu,Sekolah / Kampus,WAY KANAN,LAMPUNG,WAY KANAN,104.541351,-4.614646,0.16
765,BLU069,Ana Akhi Akhir Zaman ,Perkantoran,WAY KANAN,LAMPUNG,WAY KANAN,104.542954,-4.623139,0.91
766,BLU069,KLINIK ARTIKA,Rumah Sakit,WAY KANAN,LAMPUNG,WAY KANAN,104.543324,-4.623804,0.99
767,BLU069,Sanggar Tari Betik Hati ,Sekolah / Kampus,WAY KANAN,LAMPUNG,WAY KANAN,104.540978,-4.615272,0.2
768,BLU069,Masjid Baitul Iman,Tempat Ibadah,WAY KANAN,LAMPUNG,WAY KANAN,104.543332,-4.61237,0.29
769,BLU069,GPdI Sriwijaya ,Tempat Ibadah,WAY KANAN,LAMPUNG,WAY KANAN,104.545646,-4.611661,0.48
770,BLU069,Water Park Way Bumi,Tempat Wisata,WAY KANAN,LAMPUNG,WAY KANAN,104.543378,-4.604078,1.2
771,BLU069,BUMI RATU,Perkantoran,WAY KANAN,LAMPUNG,WAY KANAN,104.540897,-4.609639,0.62
772,BLU069,Tugu Tani Sriwijaya ,Tempat Wisata,WAY KANAN,LAMPUNG,WAY KANAN,104.54908,-4.625986,1.42
773,BLU069,UPT SMPN 1 Umpu Semenguk,Sekolah / Kampus,WAY KANAN,LAMPUNG,WAY KANAN,104.540144,-4.610477,0.57
774,BLU069,HOTEL GRAND SINAR SYARIAH,Hotel,WAY KANAN,LAMPUNG,WAY KANAN,104.541194,-4.604926,1.12
775,KBI025,GSG Anugerah Gemilang Tatakarya,Perkantoran,LAMPUNG UTARA,LAMPUNG,WAY KANAN,105.0329,-4.692453,0.77
776,KBI025,Taman katuk,Tempat Wisata,LAMPUNG UTARA,LAMPUNG,WAY KANAN,105.03806,-4.673497,1.46
777,KBI025,Balai Desa Bandarsakti ,Perkantoran,LAMPUNG UTARA,LAMPUNG,WAY KANAN,105.035339,-4.685502,0.18
778,KBI025,TPA ROUDLOTUT THULLAB,Sekolah / Kampus,LAMPUNG UTARA,LAMPUNG,WAY KANAN,105.036434,-4.682326,0.48
779,KBI025,MUSHOLA AL-MUHAJIRIN,Tempat Ibadah,LAMPUNG UTARA,LAMPUNG,WAY KANAN,105.036873,-4.686001,0.07
780,KBI025,Pasar Ujung Batu ,Pasar ,LAMPUNG UTARA,LAMPUNG,WAY KANAN,105.039107,-4.687657,"0, 31"
781,KBI025,Kantor Hukum; NURKHOLIS.SH,Perkantoran,LAMPUNG UTARA,LAMPUNG,WAY KANAN,105.036747,-4.684955,"0, 18"
782,KBI025,Masjid Baitu Nur,Tempat Ibadah,LAMPUNG UTARA,LAMPUNG,WAY KANAN,105.03705,-4.67923,"0, 81"
783,KBI025,Masjid Al-Muhajirin II Bumi mulya,Tempat Ibadah,LAMPUNG UTARA,LAMPUNG,WAY KANAN,105.038471,-4.674535,"1, 35"
784,KBI025,SDN 02 BANDARSAKTI  ,Sekolah / Kampus,LAMPUNG UTARA,LAMPUNG,WAY KANAN,105.041262,-4.674347,"1, 45"
785,KBI025,"Gereja Katolik Stasi Hati Kudus, Purbasakt",Tempat Ibadah,LAMPUNG UTARA,LAMPUNG,WAY KANAN,105.041949,-4.689382,"0, 68"
786,KBI025,Mushola Al Huda 2 Pacita,Tempat Ibadah,LAMPUNG UTARA,LAMPUNG,WAY KANAN,105.044859,-4.689531,"0, 98"
787,KBI025,Rumah mbah katimun,Tempat Ibadah,LAMPUNG UTARA,LAMPUNG,WAY KANAN,105.045573,-4.694134,"1, 31"
788,KBI025,BIMBEL CERDAS,Sekolah / Kampus,LAMPUNG UTARA,LAMPUNG,WAY KANAN,105.034003,-4.688337,0.34
789,KBI025,MA Al-Muhajirin Bandarsakt,Sekolah / Kampus,LAMPUNG UTARA,LAMPUNG,WAY KANAN,105.038501,-4.682166,0.54
790,KBI011,GKSBS Kotabumi Lampung Utara,Tempat Ibadah,LAMPUNG UTARA,LAMPUNG,WAY KANAN,104.90539,-4.816293,0.53
791,KBI011,SD Negeri 2 Sribasuki Kotabumi Lampura,Sekolah / Kampus,LAMPUNG UTARA,LAMPUNG,WAY KANAN,104.901428,-4.819575,0.27
792,KBI011,Musholla Al Hidayah,Tempat Ibadah,LAMPUNG UTARA,LAMPUNG,WAY KANAN,104.898383,-4.816162,0.76
793,KBI011,Mushola Al Ikhlas Nur Ikhsan ,Tempat Ibadah,LAMPUNG UTARA,LAMPUNG,WAY KANAN,104.904992,-4.82332,0.33
794,KBI011,"LKP ""DINA MODIST""",Sekolah / Kampus,LAMPUNG UTARA,LAMPUNG,WAY KANAN,104.906418,-4.823792,0.47
795,KBI011,Gereja Pentakosta Indonesia sidang Kotabumi,Tempat Ibadah,LAMPUNG UTARA,LAMPUNG,WAY KANAN,104.90632,-4.824053,0.48
796,KBI011,Cafe Dermaga Q&L,Hang Out Place (Café / Mall),LAMPUNG UTARA,LAMPUNG,WAY KANAN,104.908632,-4.826628,0.87
797,KBI011,SDN 02 Rejosari,Sekolah / Kampus,LAMPUNG UTARA,LAMPUNG,WAY KANAN,104.901561,-4.827254,0.76
798,KBI011,TK LASKAR AMPERA,Sekolah / Kampus,LAMPUNG UTARA,LAMPUNG,WAY KANAN,104.895123,-4.829742,1.37
799,KBI011,Masjid Nurul Hikmah,Tempat Ibadah,LAMPUNG UTARA,LAMPUNG,WAY KANAN,104.898485,-4.826853,0.88
800,KBI011,Pondok Pesantren Thoriqul Huda,Sekolah / Kampus,LAMPUNG UTARA,LAMPUNG,WAY KANAN,104.898896,-4.828384,0.99
801,KBI011,RUMAH BELAJAR BUNDA,Sekolah / Kampus,LAMPUNG UTARA,LAMPUNG,WAY KANAN,104.89785,-4.828709,1.08
802,KBI011,MTs N 2 Lampung Utara,Sekolah / Kampus,LAMPUNG UTARA,LAMPUNG,WAY KANAN,104.896646,-4.828885,1.18
803,KBI011,Batrisya Coffee & Space,Hang Out Place (Café / Mall),LAMPUNG UTARA,LAMPUNG,WAY KANAN,104.899103,-4.830597,1.2
804,KBI011,Masjid/Mushollah ,Tempat Ibadah,LAMPUNG UTARA,LAMPUNG,WAY KANAN,104.89742,-4.824868,0.82
805,KBI011,SDN 1 Rejosari,Sekolah / Kampus,LAMPUNG UTARA,LAMPUNG,WAY KANAN,104.895139,-4.82838,1.26
806,KBI011,Baiturrahim,Tempat Ibadah,LAMPUNG UTARA,LAMPUNG,WAY KANAN,104.897536,-4.830103,1.23
807,KBI011,Masjid/Mushollah ,Tempat Ibadah,LAMPUNG UTARA,LAMPUNG,WAY KANAN,104.892927,-4.82807,1.43
808,KBI011,Kandang Naga,Tempat Wisata,LAMPUNG UTARA,LAMPUNG,WAY KANAN,104.890894,4.824832,1.47
809,KBI011,PAUD ANGGREK Sribasuki,Sekolah / Kampus,LAMPUNG UTARA,LAMPUNG,WAY KANAN,104.896764,-4.821807,0.76
810,KBI011,pondok pesantren wasiilatul hidayah,Sekolah / Kampus,LAMPUNG UTARA,LAMPUNG,WAY KANAN,104.896777,-4.822839,0.79
811,KBI011,Masjid Al-Ikhlas Sribasuki Kotabumi Lampung Utara,Tempat Ibadah,LAMPUNG UTARA,LAMPUNG,WAY KANAN,104.895675,-4.82047,0.87
812,KBI011,"Masjid Nurul Iman, Kali Opak",Tempat Ibadah,LAMPUNG UTARA,LAMPUNG,WAY KANAN,104.910482,-4.815613,0.96
813,KBI011,Kolam Renang Tirta Intan Kencana,Tempat Wisata,LAMPUNG UTARA,LAMPUNG,WAY KANAN,104.915699,-4.826496,1.5
814,KBI004,Kelurahan Tanjung senang,Perkantoran,LAMPUNG UTARA,LAMPUNG,WAY KANAN,104.894994,-4.861624,0.27
815,KBI004,Ragil Mart,Pasar ,LAMPUNG UTARA,LAMPUNG,WAY KANAN,104.894506,-4.860765,0.16
816,KBI004,PT REJEKI DAMAI ABADI,Perkantoran,LAMPUNG UTARA,LAMPUNG,WAY KANAN,104.894733,-4.860226,0.14
817,KBI004,Masjid Arrohmah,Tempat Ibadah,LAMPUNG UTARA,LAMPUNG,WAY KANAN,104.893543,-4.85904,0.05
818,KBI004,Pondok Pesantren Misbahul Khair,Sekolah / Kampus,LAMPUNG UTARA,LAMPUNG,WAY KANAN,104.892976,-4.856862,0.3
819,KBI004,Masjid/Mushollah ,Tempat Ibadah,LAMPUNG UTARA,LAMPUNG,WAY KANAN,104.892829,-4.856046,0.39
820,KBI004,STIE RATULA KOTABUMI,Sekolah / Kampus,LAMPUNG UTARA,LAMPUNG,WAY KANAN,104.893049,-4.852316,0.8
821,KBI004,Masjid AL A'RAAF,Tempat Ibadah,LAMPUNG UTARA,LAMPUNG,WAY KANAN,104.892408,-4.850314,1.03
822,KBI004,BAWASLU,Perkantoran,LAMPUNG UTARA,LAMPUNG,WAY KANAN,104.903535,-4.852487,1.33
823,KBI004,SDIT MTA KOTABUMI,Sekolah / Kampus,LAMPUNG UTARA,LAMPUNG,WAY KANAN,104.9007,-4.855514,0.9
824,KBI004,Masjid Tawakal,Tempat Ibadah,LAMPUNG UTARA,LAMPUNG,WAY KANAN,104.900317,-4.85539,0.86
825,KBI004,Kantor Lurah Tanjung Senang,Perkantoran,LAMPUNG UTARA,LAMPUNG,WAY KANAN,104.895087,-4.860362,0.19
826,KBI004,sdn 4 kelapa tujuh ,Sekolah / Kampus,LAMPUNG UTARA,LAMPUNG,WAY KANAN,104.888616,-4.867375,1
827,KBI004,Pondok Pesantren Tahfizh Al Quran Daarun Naja,Sekolah / Kampus,LAMPUNG UTARA,LAMPUNG,WAY KANAN,104.887296,-4.869091,1.29
828,KBI004,MASJID WARISATUL MU'MININ Kebun Lima (LDII) -,Tempat Ibadah,LAMPUNG UTARA,LAMPUNG,WAY KANAN,104.888997,-4.868825,1.16
829,KBI004,Masjid Al Aqsa,Tempat Ibadah,LAMPUNG UTARA,LAMPUNG,WAY KANAN,104.888911,-4.849876,1.19
830,KBI004,Ponpes syahadah nurul karomah,Sekolah / Kampus,LAMPUNG UTARA,LAMPUNG,WAY KANAN,104.894163,-4.846942,1.4
831,KBI004,Rupbasan Klas II Kotabumi,Perkantoran,LAMPUNG UTARA,LAMPUNG,WAY KANAN,104.905027,-4.852196,1.5
832,KBI004,KUA KOTABUMI SELATAN,Perkantoran,LAMPUNG UTARA,LAMPUNG,WAY KANAN,104.902484,-4.854104,1.14
833,KBI004,PT Karya Jitu Esa Jaya - Kelapa Tujuh ,Perkantoran,LAMPUNG UTARA,LAMPUNG,WAY KANAN,104.90237,-4.853763,1.15
834,KBI004,Ponpes Husnul Amal Kotabumi,Sekolah / Kampus,LAMPUNG UTARA,LAMPUNG,WAY KANAN,104.883996,-4.850664,1.15
835,KBI004,SD Negeri 2 Kelapat 7,Sekolah / Kampus,LAMPUNG UTARA,LAMPUNG,WAY KANAN,104.891837,-4.860763,0.25
836,KBI004,Masjid Nurul Iman,Tempat Ibadah,LAMPUNG UTARA,LAMPUNG,WAY KANAN,104.89196,-4.861183,0.27
837,KBI004,MASJID NURUL KAHFI,Tempat Ibadah,LAMPUNG UTARA,LAMPUNG,WAY KANAN,104.890293,-4.847057,1.43
838,KBI004,"Kantor NOTARIS dan PPAT Muhammad Galib Iqbal, S.H., M.Kn",Perkantoran,LAMPUNG UTARA,LAMPUNG,WAY KANAN,104.892739,-4.851612,0.88
839,PBI113,Masjid AT TAQWA Karang Anyar,Tempat Ibadah,KOTA PALEMBANG,PALEMBANG,KOTA PALEMBANG,104.619778,-2.941051,0.76
840,PBI113,TK Bunga Bangsa,Sekolah / Kampus,KOTA PALEMBANG,PALEMBANG,KOTA PALEMBANG,104.617148,-2.947164,0.02
841,PBI113,SDN 15 karang anyar bukit baru ilir barat 1 Palembang,Sekolah / Kampus,KOTA PALEMBANG,PALEMBANG,KOTA PALEMBANG,104.620377,-2.936635,0.47
842,PBI113,Mushalla al-Jannah,Tempat Ibadah,KOTA PALEMBANG,PALEMBANG,KOTA PALEMBANG,104.623796,-2.929664,1.32
843,PBI113,BIMBEL LIA EDUCATION,Sekolah / Kampus,KOTA PALEMBANG,PALEMBANG,KOTA PALEMBANG,104.620501,-2.940504,0.09
844,PBI113,Boboho swimming poll,Tempat Wisata,KOTA PALEMBANG,PALEMBANG,KOTA PALEMBANG,104.624101,-2.93025,1.27
845,PBI113,Musholla Ar-Rahman Rt:01 Rw:04 ds.Karanganyar Kel.bukit baru Kec.ilir barat 1 kota.Palembang,Tempat Ibadah,KOTA PALEMBANG,PALEMBANG,KOTA PALEMBANG,104.619515,-2.944001,0.35
846,PBI232,Sekolah Menengah Atas ( SMA) Mardi Wacana Palembang,Sekolah / Kampus,KOTA PALEMBANG,PALEMBANG,KOTA PALEMBANG,104.712743,-2.916444,1.21
847,PBI232,Rumah Tahfidz Al Fikri,Sekolah / Kampus,KOTA PALEMBANG,PALEMBANG,KOTA PALEMBANG,104.720695,-2.914675,0.58
848,PBI232,KLINIK UTAMA DIFATRA MEDIKA,Rumah Sakit,KOTA PALEMBANG,PALEMBANG,KOTA PALEMBANG,104.724399,-2.910514,0.4
849,PBI232,Asrama Haji B ,Public Transportation,KOTA PALEMBANG,PALEMBANG,KOTA PALEMBANG,104.712016,-2.916603,1.29
850,PBI232,Asrama Haji A,Public Transportation,KOTA PALEMBANG,PALEMBANG,KOTA PALEMBANG,104.712218,-2.917065,1.28
851,PBI232,PT. Gaya Makmur Tractors,Perkantoran,KOTA PALEMBANG,PALEMBANG,KOTA PALEMBANG,104.720268,-2.90948,0.08
852,PBI232,Masjid Babussalam,Tempat Ibadah,KOTA PALEMBANG,PALEMBANG,KOTA PALEMBANG,104.713817,-2.908573,0.81
853,PBI232,PT. Suryabumi Agrolanggeng,Public Transportation,KOTA PALEMBANG,PALEMBANG,KOTA PALEMBANG,104.720474,-2.908431,0.12
854,PBI232,Masjid Nurul Ilmi,Tempat Ibadah,KOTA PALEMBANG,PALEMBANG,KOTA PALEMBANG,104.715107,-2.906341,0.74
855,PBI232,PT ADRIAN SUKSES NUSANTARA (Jasa Cleaning Service & Security Palembang) ,Perkantoran,KOTA PALEMBANG,PALEMBANG,KOTA PALEMBANG,104.715323,-2.90772,0.66
856,PBI232,TAMAN KELENGKENG (KOMPLEK PDK),Tempat Wisata,KOTA PALEMBANG,PALEMBANG,KOTA PALEMBANG,104.725514,-2.907165,0.56
857,PBI232,PT Sukanda Djaya,Perkantoran,KOTA PALEMBANG,PALEMBANG,KOTA PALEMBANG,104.721854,-2.908215,0.16
858,PBI232,PT Indon Traktor Utama,Perkantoran,KOTA PALEMBANG,PALEMBANG,KOTA PALEMBANG,104.71218,-2.914255,1.12
859,PBI232,Asrama Polisi Kebun Bunga,Perkantoran,KOTA PALEMBANG,PALEMBANG,KOTA PALEMBANG,104.714955,-2.920754,1.43
860,PBI232,PT.WINADA ANUGERAH BLOK A/9,Perkantoran,KOTA PALEMBANG,PALEMBANG,KOTA PALEMBANG,104.715649,-2.912779,0.71
861,PBI232,Perumahan Sukarami,Public Transportation,KOTA PALEMBANG,PALEMBANG,KOTA PALEMBANG,104.716777,-2.91824,1.09
862,PBI232,PT. SAS ,Perkantoran,KOTA PALEMBANG,PALEMBANG,KOTA PALEMBANG,104.713327,-2.906152,0.93
863,PBI232,Ponpes Hamalatul Quran Palembang ,Sekolah / Kampus,KOTA PALEMBANG,PALEMBANG,KOTA PALEMBANG,104.708161,-2.906348,1.47
864,PBI232,"Balai Karantina Ikan Kelas 1, Palembang",Perkantoran,KOTA PALEMBANG,PALEMBANG,KOTA PALEMBANG,104.716393,-2.898465,1.32
865,PBI232,Palembang Asrama Haji,Tempat Wisata,KOTA PALEMBANG,PALEMBANG,KOTA PALEMBANG,104.718365,-2.909658,0.3
866,PBI232,pt bina san prima ,Perkantoran,KOTA PALEMBANG,PALEMBANG,KOTA PALEMBANG,104.714228,-2.914404,0.94
867,PBI232,TK Islam Cendikia Faiha Palembang,Sekolah / Kampus,KOTA PALEMBANG,PALEMBANG,KOTA PALEMBANG,104.721437,-2.916458,0.79
868,PBI232,SMP Islam Cendikia Faiha Palembang,Sekolah / Kampus,KOTA PALEMBANG,PALEMBANG,KOTA PALEMBANG,104.721742,-2.916896,0.84
869,PBI232,Rumah Qur'an Adzkia,Sekolah / Kampus,KOTA PALEMBANG,PALEMBANG,KOTA PALEMBANG,104.721889,-2.917315,0.88
870,PBI232,SD Islam Cendikia Faiha,Sekolah / Kampus,KOTA PALEMBANG,PALEMBANG,KOTA PALEMBANG,104.722162,-2.917346,0.89
871,PBI232,Masjid Al-Ikhlas Sukadamai,Tempat Ibadah,KOTA PALEMBANG,PALEMBANG,KOTA PALEMBANG,104.726508,-2.920324,1.39
872,PBI232,SMA SAINS ALUMNIKA PALEMBANG,Sekolah / Kampus,KOTA PALEMBANG,PALEMBANG,KOTA PALEMBANG,104.722597,-2.920779,1.28
873,PBI232,Sekolah Menengah Kejuruan Perbankan Alumnika Palembang,Sekolah / Kampus,KOTA PALEMBANG,PALEMBANG,KOTA PALEMBANG,104.722623,-2.920586,1.26
874,PBI232,Kontruksi PT Cahya Anda Abadi ,Perkantoran,KOTA PALEMBANG,PALEMBANG,KOTA PALEMBANG,104.725507,-2.914083,0.73
875,PBI232,Pondok tahfidz darul fatih al islamy,Sekolah / Kampus,KOTA PALEMBANG,PALEMBANG,KOTA PALEMBANG,104.720085,-2.913048,0.42
876,PBI232,PT Duta Abadi Primantara,Perkantoran,KOTA PALEMBANG,PALEMBANG,KOTA PALEMBANG,104.715382,-2.913106,0.75
877,PBI232,PT.Mitra Kencana Nusantara Cabang Palembang,Perkantoran,KOTA PALEMBANG,PALEMBANG,KOTA PALEMBANG,104.714893,-2.913291,0.81
878,PBI232,Masjid AL- KAHFI,Tempat Ibadah,KOTA PALEMBANG,PALEMBANG,KOTA PALEMBANG,104.72215,-2.919242,1.09
879,PBI232,Madrasah Tsanawiyah Al-Kahfi ,Sekolah / Kampus,KOTA PALEMBANG,PALEMBANG,KOTA PALEMBANG,104.722416,-2.919659,1.14
880,PBI232,Masjid Al-Hikmah ,Tempat Ibadah,KOTA PALEMBANG,PALEMBANG,KOTA PALEMBANG,104.72747,-2.91741,1.15
881,PBI232,Hotel Santika Premiere Bandara - Palembang,Hang Out Place (Café / Mall),KOTA PALEMBANG,PALEMBANG,KOTA PALEMBANG,104.719739,-2.899788,1.07
882,PBI232,SEKOLAH ISLAM ALFARUQ ,Sekolah / Kampus,KOTA PALEMBANG,PALEMBANG,KOTA PALEMBANG,104.721902,-2.910523,0.17
883,PBI232,I Love CSA Suka Suka,Hang Out Place (Café / Mall),KOTA PALEMBANG,PALEMBANG,KOTA PALEMBANG,104.714069,-2.909492,0.77
884,PBI232,Pt ciomas adisatwa,Perkantoran,KOTA PALEMBANG,PALEMBANG,KOTA PALEMBANG,104.715662,-2.914403,0.82
885,PBI232,Masjid Al - Arsalan,Tempat Ibadah,KOTA PALEMBANG,PALEMBANG,KOTA PALEMBANG,104.721341,-2.910219,0.1
886,PBI232,Pasar Pagi Kebun Bunga ,Pasar ,KOTA PALEMBANG,PALEMBANG,KOTA PALEMBANG,104.71709,-2.919883,1.24
887,PBI232,Masjid AT TAQWA Kebunbunga,Tempat Ibadah,KOTA PALEMBANG,PALEMBANG,KOTA PALEMBANG,104.717922,-2.921568,1.39
888,PBI232,Sekolah Dasar Negeri 132 Palembang,Sekolah / Kampus,KOTA PALEMBANG,PALEMBANG,KOTA PALEMBANG,104.717179,-2.919564,1.2
889,PBI232,OYO 174 Desilva Bandara,Hang Out Place (Café / Mall),KOTA PALEMBANG,PALEMBANG,KOTA PALEMBANG,104.714046,-2.916873,1.13
890,PBI232,Masjid Al-Fath,Tempat Ibadah,KOTA PALEMBANG,PALEMBANG,KOTA PALEMBANG,104.714302,-2.91732,1.15
891,PBI232,Kantor Urusan Agama Kecamatan Sukarami,Perkantoran,KOTA PALEMBANG,PALEMBANG,KOTA PALEMBANG,104.716653,-2.92015,1.28
892,PBI232,Kantor Lurah Kebun Bunga,Perkantoran,KOTA PALEMBANG,PALEMBANG,KOTA PALEMBANG,104.71646,-2.920079,1.28
893,PBI232,Kantor Kesehatan Pelabuhan Palembang,Perkantoran,KOTA PALEMBANG,PALEMBANG,KOTA PALEMBANG,104.728115,-2.898962,1.41
894,PBI232,Masjid Amal Bakti,Tempat Ibadah,KOTA PALEMBANG,PALEMBANG,KOTA PALEMBANG,104.730205,-2.911143,1.04
895,PBI232,Lpk akira yujo,Perkantoran,KOTA PALEMBANG,PALEMBANG,KOTA PALEMBANG,104.729601,-2.908605,0.96
896,PLG365,Kantor VIP Development ,Perkantoran,KOTA PALEMBANG,PALEMBANG,KOTA PALEMBANG,104.737917,-2.903504,1.37
897,PLG365,Provinsialat SCJ,Tempat Ibadah,KOTA PALEMBANG,PALEMBANG,KOTA PALEMBANG,104.735826,-2.91485,1.42
898,PLG365,TK CAHAYA PERMATA,Sekolah / Kampus,KOTA PALEMBANG,PALEMBANG,KOTA PALEMBANG,104.737341,-2.913054,1.44
899,PLG365,Tempat Ibadah Buyut Cukong Cukong ,Tempat Ibadah,KOTA PALEMBANG,PALEMBANG,KOTA PALEMBANG,104.738002,-2.910919,1.42
900,PLG365,"GMI Nazareth, Sukajaya, Palembang ",Tempat Ibadah,KOTA PALEMBANG,PALEMBANG,KOTA PALEMBANG,104.736896,-2.913807,1.47
901,PLG365,Kelenteng Liong Shiu Tong,Tempat Ibadah,KOTA PALEMBANG,PALEMBANG,KOTA PALEMBANG,104.737703,-2.909568,1.34
902,PLG365,Sekolah Dasar Negeri 118 Palembang,Sekolah / Kampus,KOTA PALEMBANG,PALEMBANG,KOTA PALEMBANG,104.738729,-2.910207,1.48
903,PLG365,PT. DBM CARGO PALEMBANG ,Perkantoran,KOTA PALEMBANG,PALEMBANG,KOTA PALEMBANG,104.739224,-2.908573,1.49
904,PLG365,PT. Gasindo Relasi Makmur,Perkantoran,KOTA PALEMBANG,PALEMBANG,KOTA PALEMBANG,104.738194,-2.905469,1.37
905,PLG365,Kelenteng Gunung Sakti Palembang,Tempat Ibadah,KOTA PALEMBANG,PALEMBANG,KOTA PALEMBANG,104.737813,-2.906152,1.31
906,PLG365,Yayasan Daarul Hijrah Sumatera Selatan II (Tanjung Api-Api),Sekolah / Kampus,KOTA PALEMBANG,PALEMBANG,KOTA PALEMBANG,104.731333,-2.894913,1.4
907,PLG365,Bimbel IT Junior - Komp Griya Harapan Sukabangun 2 -,Sekolah / Kampus,KOTA PALEMBANG,PALEMBANG,KOTA PALEMBANG,104.737229,-2.912551,1.41
908,PLG365,Masjid Al Anshor,Tempat Ibadah,KOTA PALEMBANG,PALEMBANG,KOTA PALEMBANG,104.734048,-2.904775,0.91
909,PLG783,Masjid Nurul Amal ,Tempat Ibadah,KOTA PALEMBANG,PALEMBANG,KOTA PALEMBANG,104.761664,-2.962648,1.49
910,PLG783,UIN Raden Fatah Palembang,Sekolah / Kampus,KOTA PALEMBANG,PALEMBANG,KOTA PALEMBANG,104.748164,-2.963622,0.11
911,PLG783,Masjid Darul Muttaqin UIN Raden Fatah,Sekolah / Kampus,KOTA PALEMBANG,PALEMBANG,KOTA PALEMBANG,104.747253,-2.963512,0.18
912,PLG783,Sekolah Bahasa Kodam II/Sriwijaya,Tempat Ibadah,KOTA PALEMBANG,PALEMBANG,KOTA PALEMBANG,104.747845,-2.965113,0.1
913,PLG783,Masjid Asy Syifa RSMH Palembang ,Tempat Ibadah,KOTA PALEMBANG,PALEMBANG,KOTA PALEMBANG,104.749388,-2.965495,0.15
914,PLG783,SMK Kimia YTK Palembang,Sekolah / Kampus,KOTA PALEMBANG,PALEMBANG,KOTA PALEMBANG,104.748676,-2.964087,0.05
915,PLG783,RSMH Palembang,Rumah Sakit,KOTA PALEMBANG,PALEMBANG,KOTA PALEMBANG,104.748904,-2.966618,0.24
916,PLG783,Kantor Perwakilan Bank Indonesia Provinsi Sumatera Selatan,Perkantoran,KOTA PALEMBANG,PALEMBANG,KOTA PALEMBANG,104.754495,-2.975577,1.4
917,PLG783,Sekolah Baptis ,Sekolah / Kampus,KOTA PALEMBANG,PALEMBANG,KOTA PALEMBANG,104.751076,-2.970345,0.71
918,PLG783,GraPARI Palembang 1,Perkantoran,KOTA PALEMBANG,PALEMBANG,KOTA PALEMBANG,104.749994,-2.969202,0.55
919,PLG783,PT. Telkom Indonesia (WITEL SUMSEL BABEL) ,Perkantoran,KOTA PALEMBANG,PALEMBANG,KOTA PALEMBANG,104.749681,-2.969341,0.55
920,PLG783,PT Bank Mandiri KCP RS Moh. Hoesin ,Perkantoran,KOTA PALEMBANG,PALEMBANG,KOTA PALEMBANG,104.748721,-2.967417,0.33
921,PLG783,Pagi Sore RSMH,Hang Out Place (Café / Mall),KOTA PALEMBANG,PALEMBANG,KOTA PALEMBANG,104.748234,-2.966765,0.25
922,PLG783,Burger King Sudirman,Hang Out Place (Café / Mall),KOTA PALEMBANG,PALEMBANG,KOTA PALEMBANG,104.748325,-2.966934,0.27
923,PLG783,SMA Negeri 3 Palembang,Sekolah / Kampus,KOTA PALEMBANG,PALEMBANG,KOTA PALEMBANG,104.74685,-2.965531,0.21
924,PLG783,Monoloog Hotel Palembang,Hang Out Place (Café / Mall),KOTA PALEMBANG,PALEMBANG,KOTA PALEMBANG,104.746154,-2.965953,0.3
925,PLG783,SMAN 3 B,Public Transportation,KOTA PALEMBANG,PALEMBANG,KOTA PALEMBANG,104.746266,-2.965561,0.27
926,PLG783,PT ASURANSI JIWA IFG (IFG LIFE) KANREP PALEMBANG,Perkantoran,KOTA PALEMBANG,PALEMBANG,KOTA PALEMBANG,104.744976,-2.964527,0.4
927,PLG783,Dinas Koperasi dan UKM Provinsi Sumatera Selatan,Perkantoran,KOTA PALEMBANG,PALEMBANG,KOTA PALEMBANG,104.744797,-2.964962,0.41
928,PLG783,Hotel Cendana,Hang Out Place (Café / Mall),KOTA PALEMBANG,PALEMBANG,KOTA PALEMBANG,104.743779,-2.963811,0.53
929,PLG783,PENGADILAN TINGGI PALEMBANG,Perkantoran,KOTA PALEMBANG,PALEMBANG,KOTA PALEMBANG,104.743497,-2.963706,0.57
930,PLG783,Bimbel Stan Alumni 97,Sekolah / Kampus,KOTA PALEMBANG,PALEMBANG,KOTA PALEMBANG,104.743108,-2.963215,0.62
931,PLG783,Masjid Ikhtiar,Tempat Ibadah,KOTA PALEMBANG,PALEMBANG,KOTA PALEMBANG,104.742871,-2.963269,0.64
932,PLG783,CV Sinergi Berkah Sentosa,Perkantoran,KOTA PALEMBANG,PALEMBANG,KOTA PALEMBANG,104.742469,-2.96477,0.67
933,PLG783,Masjid Al-Jihad,Tempat Ibadah,KOTA PALEMBANG,PALEMBANG,KOTA PALEMBANG,104.741907,-2.964502,0.74
934,PLG783,SMK Arinda Palembang,Sekolah / Kampus,KOTA PALEMBANG,PALEMBANG,KOTA PALEMBANG,104.737838,-2.971066,1.39
935,PLG783,Kelenteng Tjeng Thio Keng,Tempat Ibadah,KOTA PALEMBANG,PALEMBANG,KOTA PALEMBANG,104.737995,-2.97193,1.42
936,PLG783,Memory Coffee-Proklamasi,Hang Out Place (Café / Mall),KOTA PALEMBANG,PALEMBANG,KOTA PALEMBANG,104.738883,-2.971992,1.34
937,PLG783,BIMBEL BTA 70 JAKARTA,Sekolah / Kampus,KOTA PALEMBANG,PALEMBANG,KOTA PALEMBANG,104.739547,-2.972566,1.34
938,PLG783,PT. ANUGERAH SEKURITAS INDONESIA ( KP Palembang),Perkantoran,KOTA PALEMBANG,PALEMBANG,KOTA PALEMBANG,104.739595,-2.972321,1.32
939,PLG783,Kantor Konsultan Pajak Terdaftar Hm Aman Syafei Drs,Perkantoran,KOTA PALEMBANG,PALEMBANG,KOTA PALEMBANG,104.739495,-2.971704,1.28
940,PLG783,PT CLOUD SYSTEM INDONESIA,Perkantoran,KOTA PALEMBANG,PALEMBANG,KOTA PALEMBANG,104.740396,-2.972924,1.3
941,PLG783,Masjid Al-Ikhlas,Tempat Wisata,KOTA PALEMBANG,PALEMBANG,KOTA PALEMBANG,104.740164,-2.970667,1.18
942,PLG783,Palembang square ,Hang Out Place (Café / Mall),KOTA PALEMBANG,PALEMBANG,KOTA PALEMBANG,104.74202,-2.975447,1.41
943,PLG783,Masjid Al Muslim,Tempat Ibadah,KOTA PALEMBANG,PALEMBANG,KOTA PALEMBANG,104.744711,-2.975983,1.34
944,PLG783,Halte Bus Palcomtech ,Public Transportation,KOTA PALEMBANG,PALEMBANG,KOTA PALEMBANG,104.742747,-2.975759,1.4
945,PLG783,Dinas Energi Dan Sumber Daya Mineral,Perkantoran,KOTA PALEMBANG,PALEMBANG,KOTA PALEMBANG,104.743535,-2.975554,1.34
946,PLG783,Masjid Al Maliki Palembang,Tempat Ibadah,KOTA PALEMBANG,PALEMBANG,KOTA PALEMBANG,104.745865,-2.975881,1.3
947,PLG783,Disnaker Kota Palembang,Perkantoran,KOTA PALEMBANG,PALEMBANG,KOTA PALEMBANG,104.747721,-2.976948,1.38
948,PLG783,Inspektorat Provinsi ,Perkantoran,KOTA PALEMBANG,PALEMBANG,KOTA PALEMBANG,104.750079,-2.975843,1.27
949,PLG783,Kantor Pekerjaan Umum,Perkantoran,KOTA PALEMBANG,PALEMBANG,KOTA PALEMBANG,104.749781,-2.975916,1.27
950,PLG783,Dinas PU PSDA Provinsi,Perkantoran,KOTA PALEMBANG,PALEMBANG,KOTA PALEMBANG,104.749188,-2.976012,1.28
951,PLG783,GKKD PALEMBANG,Tempat Ibadah,KOTA PALEMBANG,PALEMBANG,KOTA PALEMBANG,104.749344,-2.975568,1.23
952,PLG783,Masjid Raudatul Ulum ,Tempat Ibadah,KOTA PALEMBANG,PALEMBANG,KOTA PALEMBANG,104.749195,-2.969939,0.61
953,PLG783,Huria Kristen Batak Protestan (HKBP) Distrik XV Sumatra Bagian Selatan,Tempat Ibadah,KOTA PALEMBANG,PALEMBANG,KOTA PALEMBANG,104.754679,-2.974666,1.32
954,PLG783,Kantor HKBP Distrik XV Sumbagsel ,Perkantoran,KOTA PALEMBANG,PALEMBANG,KOTA PALEMBANG,104.754701,-2.973964,1.26
955,PLG783,TK Penguin Handayani,Sekolah / Kampus,KOTA PALEMBANG,PALEMBANG,KOTA PALEMBANG,104.755634,-2.972499,1.19
956,PLG783,Charitas Hospital Palembang ,Rumah Sakit,KOTA PALEMBANG,PALEMBANG,KOTA PALEMBANG,104.752687,-2.975066,1.26
957,PLG783,"Gereja Katolik Paroki St. Yoseph, Palembang",Tempat Ibadah,KOTA PALEMBANG,PALEMBANG,KOTA PALEMBANG,104.753689,-2.974713,1.26
958,PLG783,Gereja Kemah Injil Indonesia Palembang,Tempat Ibadah,KOTA PALEMBANG,PALEMBANG,KOTA PALEMBANG,104.753819,-2.973296,1.41
959,PLG783,SMK Trisula Perwari Palembang,Sekolah / Kampus,KOTA PALEMBANG,PALEMBANG,KOTA PALEMBANG,104.759596,-2.969656,1.36
960,PLG783,SDK MITRA PENABUR PALEMBANG ,Sekolah / Kampus,KOTA PALEMBANG,PALEMBANG,KOTA PALEMBANG,104.758936,-2.969487,1.29
961,PLG783,Yayasan LBH APIK Sumsel,Sekolah / Kampus,KOTA PALEMBANG,PALEMBANG,KOTA PALEMBANG,104.760519,-2.958381,1.51
962,PLG783,Masjid Al-Fatah,Tempat Ibadah,KOTA PALEMBANG,PALEMBANG,KOTA PALEMBANG,104.760311,-2.958125,1.5
963,PLG783,Bimbel Basis One,Sekolah / Kampus,KOTA PALEMBANG,PALEMBANG,KOTA PALEMBANG,104.759385,-2.957036,1.48
964,PLG783,PT.WENDO,Perkantoran,KOTA PALEMBANG,PALEMBANG,KOTA PALEMBANG,104.756908,-2.953336,1.56
965,PLG783,CV JAYA SETIA,Perkantoran,KOTA PALEMBANG,PALEMBANG,KOTA PALEMBANG,104.755923,-2.952951,1.53
966,PLG783,LED PROJECT / DIFA MULTIMEDIA / PT. LOKA GEDE SAE,Perkantoran,KOTA PALEMBANG,PALEMBANG,KOTA PALEMBANG,104.748204,-2.951021,1.5
967,PLG783,Waduk Talang Aman 1,Tempat Wisata,KOTA PALEMBANG,PALEMBANG,KOTA PALEMBANG,104.744208,-2.951324,1.54
968,PLG783,"Kelenteng""HONG HUN BIO"" ( KWAN TE KONG)",Tempat Ibadah,KOTA PALEMBANG,PALEMBANG,KOTA PALEMBANG,104.74348,-2.951691,1.53
969,PLG783,Sekolah Dasar Negeri 166,Sekolah / Kampus,KOTA PALEMBANG,PALEMBANG,KOTA PALEMBANG,104.742774,-2.952193,1.51
970,PLG783,Masjid Nur Iman,Tempat Ibadah,KOTA PALEMBANG,PALEMBANG,KOTA PALEMBANG,104.741435,-2.953463,1.46
971,PLG783,BIMBEL TARUNA MUDA,Sekolah / Kampus,KOTA PALEMBANG,PALEMBANG,KOTA PALEMBANG,104.739287,-2.957055,1.31
972,PLG783,SMA 'Aisyiyah 01 Palembang,Sekolah / Kampus,KOTA PALEMBANG,PALEMBANG,KOTA PALEMBANG,104.738721,-2.957843,1.32
973,PLG783,Madrasah Tsanawiyah Aisyiyah Muhammadiyah,Sekolah / Kampus,KOTA PALEMBANG,PALEMBANG,KOTA PALEMBANG,104.738722,-2.95796,1.3
974,PLG783,SMA Muhammadiyah 1 Palembang,Sekolah / Kampus,KOTA PALEMBANG,PALEMBANG,KOTA PALEMBANG,104.739062,-2.95843,1.25
975,PLG783,Masjid Jami Muhammadiyah,Sekolah / Kampus,KOTA PALEMBANG,PALEMBANG,KOTA PALEMBANG,104.737841,-2.95786,1.39
976,PLG783,Sekolah Dasar Muhammadiyah 6/14 Balayudha Palembang,Sekolah / Kampus,KOTA PALEMBANG,PALEMBANG,KOTA PALEMBANG,104.737453,-2.958151,1.41
977,PLG783,SMP Muhammadiyah 10 A,Sekolah / Kampus,KOTA PALEMBANG,PALEMBANG,KOTA PALEMBANG,104.736947,-2.95854,1.44
978,PLG783,PT. Multisera Indosa (Pusat) ,Perkantoran,KOTA PALEMBANG,PALEMBANG,KOTA PALEMBANG,104.73667,-2.958881,1.45
979,PLG783,Rumah Sakit Bhayangkara (Moh. Hasan) Palembang,Rumah Sakit,KOTA PALEMBANG,PALEMBANG,KOTA PALEMBANG,104.737215,-2.959038,1.39
980,PLG783,PT Patria Anugerah Sentosa Palembang,Perkantoran,KOTA PALEMBANG,PALEMBANG,KOTA PALEMBANG,104.736895,-2.959349,1.41
981,PLG783,Taman POLDA,Tempat Wisata,KOTA PALEMBANG,PALEMBANG,KOTA PALEMBANG,104.737802,-2.960827,1.26
982,PLG783,Masjid Jami' Al-Hidayah,Tempat Ibadah,KOTA PALEMBANG,PALEMBANG,KOTA PALEMBANG,104.736209,-2.961346,1.41
983,PLG783,Les Baca Tulis Anemone Demang,Sekolah / Kampus,KOTA PALEMBANG,PALEMBANG,KOTA PALEMBANG,104.737144,-2.961377,1.31
984,PLG783,Amaris Hotel Palembang,Hang Out Place (Café / Mall),KOTA PALEMBANG,PALEMBANG,KOTA PALEMBANG,104.736161,-2.962894,1.39
985,PLG783,PT. PLN ICONPLUS,Perkantoran,KOTA PALEMBANG,PALEMBANG,KOTA PALEMBANG,104.736994,-2.963325,1.29
986,PLG783,Sekolah Tinggi Ilmu Farmasi Bhakti Pertiwi Palembang,Sekolah / Kampus,KOTA PALEMBANG,PALEMBANG,KOTA PALEMBANG,104.737988,-2.964069,1.19
987,PLG783,STEBIS IGM,Sekolah / Kampus,KOTA PALEMBANG,PALEMBANG,KOTA PALEMBANG,104.740634,-2.963958,0.88
988,PLG783,Balai Kecamatan Ilir Timur I,Perkantoran,KOTA PALEMBANG,PALEMBANG,KOTA PALEMBANG,104.745901,-2.968657,0.54
989,PLG783,UPT BPPD Ilir Timur 1,Perkantoran,KOTA PALEMBANG,PALEMBANG,KOTA PALEMBANG,104.745801,-2.968999,0.58
990,PLG783,Universitas Tridinati,Sekolah / Kampus,KOTA PALEMBANG,PALEMBANG,KOTA PALEMBANG,104.746112,-2.971217,0.79
991,PLG783,MI muhammadiyah 2 Palembang -,Sekolah / Kampus,KOTA PALEMBANG,PALEMBANG,KOTA PALEMBANG,104.747274,-2.972197,0.86
992,PLG783,Sekolah Dasar Negeri 39,Sekolah / Kampus,KOTA PALEMBANG,PALEMBANG,KOTA PALEMBANG,104.748158,-2.972038,0.84
993,PLG783,Maha Vihara Dharmakirti,Tempat Ibadah,KOTA PALEMBANG,PALEMBANG,KOTA PALEMBANG,104.748552,-2.97173,0.8
994,PLG783,TK-SD Xaverius 5 Palembang,Sekolah / Kampus,KOTA PALEMBANG,PALEMBANG,KOTA PALEMBANG,104.748344,-2.974266,1.08
995,PLG783,Kantor Gubernur Sumatera Selatan,Perkantoran,KOTA PALEMBANG,PALEMBANG,KOTA PALEMBANG,104.750288,-2.976669,1.36
996,PLG783,Gedung Keuangan Negara Palembang,Perkantoran,KOTA PALEMBANG,PALEMBANG,KOTA PALEMBANG,104.751482,-2.976827,1.4
997,PLG783,Badan Kepegawaian Daerah Provinsi Sumsel,Perkantoran,KOTA PALEMBANG,PALEMBANG,KOTA PALEMBANG,104.751255,-2.976225,1.39
998,PLG783,Satuan Polisi Pamong Praja Provinsi Sumatera Selatan,Perkantoran,KOTA PALEMBANG,PALEMBANG,KOTA PALEMBANG,104.751405,-2.976488,1.39
999,PLG783,Bidang PSP Dinas Pertanian TPH Provinsi SUMSEL,Perkantoran,KOTA PALEMBANG,PALEMBANG,KOTA PALEMBANG,104.751812,-2.975838,1.3
1000,PLG783,Rimba Kemuning A,Public Transportation,KOTA PALEMBANG,PALEMBANG,KOTA PALEMBANG,104.743327,-2.95711,1
1001,PLG783,BLPT B,Public Transportation,KOTA PALEMBANG,PALEMBANG,KOTA PALEMBANG,104.752087,-2.953586,1.29
1002,PLG783,SMP 9/10,Public Transportation,KOTA PALEMBANG,PALEMBANG,KOTA PALEMBANG,104.750832,-2.954309,1.18
1003,PLG783,Rumah Sakit Hermina Palembang,Rumah Sakit,KOTA PALEMBANG,PALEMBANG,KOTA PALEMBANG,104.748305,-2.955997,0.95
1004,PLG783,Aston Palembang Hotel & Conference Center,Hang Out Place (Café / Mall),KOTA PALEMBANG,PALEMBANG,KOTA PALEMBANG,104.747196,-2.954934,1.07
1005,PLG783,PT. OKI Pulp and Paper,Perkantoran,KOTA PALEMBANG,PALEMBANG,KOTA PALEMBANG,104.752207,-2.954073,1.26
1006,PLG783,Pasar Sekip Ujung palembang,Pasar ,KOTA PALEMBANG,PALEMBANG,KOTA PALEMBANG,104.753895,-2.956738,1.06
1007,PLG783,favehotel Palembang,Hang Out Place (Café / Mall),KOTA PALEMBANG,PALEMBANG,KOTA PALEMBANG,104.746195,-2.956048,0.97
1008,PLG783,SMP Negeri 9 Palembang ,Sekolah / Kampus,KOTA PALEMBANG,PALEMBANG,KOTA PALEMBANG,104.751497,-2.955849,1.02
1009,PLG783,Puskesmas Sekip,Rumah Sakit,KOTA PALEMBANG,PALEMBANG,KOTA PALEMBANG,104.754112,-2.957659,1
1010,PLG783,Fakultas Kedokteran Universitas Sriwijaya - Kampus-Madang,Sekolah / Kampus,KOTA PALEMBANG,PALEMBANG,KOTA PALEMBANG,104.751244,-2.964316,0.31
1011,PLG783,MASJID AR RIYADH BINTALDAM,Tempat Ibadah,KOTA PALEMBANG,PALEMBANG,KOTA PALEMBANG,104.747842,-2.965541,0.13
1012,PLG783,Pengadilan Tinggi Agama Palembang,Perkantoran,KOTA PALEMBANG,PALEMBANG,KOTA PALEMBANG,104.747763,-2.965826,0.16
1013,PLG783,Sekolah Bahasa Dam II/Swj ,Sekolah / Kampus,KOTA PALEMBANG,PALEMBANG,KOTA PALEMBANG,104.748148,-2.965412,0.11
1014,PLG783,JURUSAN KESEHATAN LINGKUNGAN POLTEKKES PALEMBANG,Sekolah / Kampus,KOTA PALEMBANG,PALEMBANG,KOTA PALEMBANG,104.748719,-2.969876,0.59
1015,PLG783,Sekolah Islam Al-Azhar Cairo Palembang,Sekolah / Kampus,KOTA PALEMBANG,PALEMBANG,KOTA PALEMBANG,104.749157,-2.964116,0.09
1016,PLG783,TK RA Perwanidah 3 ,Sekolah / Kampus,KOTA PALEMBANG,PALEMBANG,KOTA PALEMBANG,104.748865,-2.963868,0.09
1017,PLG783,GMI Wesley Palembang,Tempat Ibadah,KOTA PALEMBANG,PALEMBANG,KOTA PALEMBANG,104.745889,-2.964848,0.3
1018,PLG783,Sekolah Tinggi Bahasa Asing Methodist,Sekolah / Kampus,KOTA PALEMBANG,PALEMBANG,KOTA PALEMBANG,104.745719,-2.964956,0.31
1019,PLG783,Kantor GMI Distrik 1,Tempat Ibadah,KOTA PALEMBANG,PALEMBANG,KOTA PALEMBANG,104.746472,-2.964081,0.23
1020,PLG783,MAN 2 Palembang,Sekolah / Kampus,KOTA PALEMBANG,PALEMBANG,KOTA PALEMBANG,104.747676,-2.962871,0.21
1021,PLG783,Gereja GPIN Yerusalem Palembang,Tempat Ibadah,KOTA PALEMBANG,PALEMBANG,KOTA PALEMBANG,104.74596,-2.963445,0.31
1022,PLG783,Gereja Katolik ST Yoseph,Public Transportation,KOTA PALEMBANG,PALEMBANG,KOTA PALEMBANG,104.753644,-2.975048,1.3
1023,PLG783,MTs Negeri 1 Palembang ,Sekolah / Kampus,KOTA PALEMBANG,PALEMBANG,KOTA PALEMBANG,104.742136,-2.963919,0.71
1024,PLG783,Kantor Polisi,Perkantoran,KOTA PALEMBANG,PALEMBANG,KOTA PALEMBANG,104.739638,-2.961314,1.05
1025,PLG783,Masjid Al-Amaliyah,Tempat Ibadah,KOTA PALEMBANG,PALEMBANG,KOTA PALEMBANG,104.737531,-2.965007,1.22
1026,PLG783,SMP Negeri 3 PALEMBANG,Sekolah / Kampus,KOTA PALEMBANG,PALEMBANG,KOTA PALEMBANG,104.740583,-2.967489,0.94
1027,PLG783,D'Paragon Trikora Palembang -,Hang Out Place (Café / Mall),KOTA PALEMBANG,PALEMBANG,KOTA PALEMBANG,104.738567,-2.967755,1.17
1028,PLG783,TK AISYIYAH 4 PALEMBANG,Sekolah / Kampus,KOTA PALEMBANG,PALEMBANG,KOTA PALEMBANG,104.737662,-2.957852,1.41
1029,PLG783,SMP Muhammadiyah 4,Sekolah / Kampus,KOTA PALEMBANG,PALEMBANG,KOTA PALEMBANG,104.738282,-2.957724,1.36
1030,PLG783,SMK Muhammadiyah 1 Palembang ,Sekolah / Kampus,KOTA PALEMBANG,PALEMBANG,KOTA PALEMBANG,104.738455,-2.957581,1.35
1031,PLG783,SMA MUHAMMADIYAH 6 PALEMBANG,Sekolah / Kampus,KOTA PALEMBANG,PALEMBANG,KOTA PALEMBANG,104.738114,-2.95747,1.39
1032,PLG783,Poltekkes Kemenkes Palembang Jurusan Kebidanan,Sekolah / Kampus,KOTA PALEMBANG,PALEMBANG,KOTA PALEMBANG,104.751539,-2.968955,0.61
1033,PLG783,AKADEMI KEPERAWATAN,Sekolah / Kampus,KOTA PALEMBANG,PALEMBANG,KOTA PALEMBANG,104.751809,-2.968788,0.61
1034,PLG783,Poltekes Kemenkes Palembang,Sekolah / Kampus,KOTA PALEMBANG,PALEMBANG,KOTA PALEMBANG,104.751455,-2.968164,0.53
1035,PLG783,Masjid Ash - Shofa,Sekolah / Kampus,KOTA PALEMBANG,PALEMBANG,KOTA PALEMBANG,104.751392,-2.968051,0.51
1036,PLG783,Tian Tian Xue Mandarin Learning Center Palembang,Sekolah / Kampus,KOTA PALEMBANG,PALEMBANG,KOTA PALEMBANG,104.755038,-2.975125,1.39
1037,PLG783,TK Aisyiyah 1 Palembang,Sekolah / Kampus,KOTA PALEMBANG,PALEMBANG,KOTA PALEMBANG,104.755243,-2.975169,1.4
1038,PLG783,Sekolah Dasar Muhammadiyah 5 Palembang,Sekolah / Kampus,KOTA PALEMBANG,PALEMBANG,KOTA PALEMBANG,104.755354,-2.975097,1.4
1039,PLG783,Gereja HKBP Palembang Ress. Palembang,Tempat Ibadah,KOTA PALEMBANG,PALEMBANG,KOTA PALEMBANG,104.754326,-2.974304,1.27
1040,PLG783,OJK KANTOR REGIONAL 7 SUMBAGSEL,Perkantoran,KOTA PALEMBANG,PALEMBANG,KOTA PALEMBANG,104.751726,-2.972718,0.99
1041,PLG783,Hotel The Daira,Public Transportation,KOTA PALEMBANG,PALEMBANG,KOTA PALEMBANG,104.752147,-2.973281,1.06
1042,PLG783,Koni Sumsel,Public Transportation,KOTA PALEMBANG,PALEMBANG,KOTA PALEMBANG,104.752472,-2.973239,1.07
1043,PLG783,Biro umum dan perlengkapan,Perkantoran,KOTA PALEMBANG,PALEMBANG,KOTA PALEMBANG,104.750188,-2.976052,1.3
1044,PLG783,Kesbangpol & Linmas Provinsi Sumatera Selatan,Perkantoran,KOTA PALEMBANG,PALEMBANG,KOTA PALEMBANG,104.751106,-2.975702,1.29
1045,PLG783,Subdin PLS Dinas Pendidikan Nasional ,Perkantoran,KOTA PALEMBANG,PALEMBANG,KOTA PALEMBANG,104.750965,-2.975323,1.23
1046,PLG783,Dharma Wanita Persatuan Dinas Pertanian TPH Prov.SUMSEL,Perkantoran,KOTA PALEMBANG,PALEMBANG,KOTA PALEMBANG,104.751236,-2.976022,1.31
1047,PLG783,Sekretariat Dewan Pembina Usaha Kesehatan Sekolah,Perkantoran,KOTA PALEMBANG,PALEMBANG,KOTA PALEMBANG,104.750914,-2.976301,1.33
1048,PLG811,Musholla anugerah Darussalam,Tempat Ibadah,KOTA PALEMBANG,PALEMBANG,KOTA PALEMBANG,104.691178,-2.99573,1.41
1049,PLG811,Bimbel CABACA TJ barangan,Sekolah / Kampus,KOTA PALEMBANG,PALEMBANG,KOTA PALEMBANG,104.678286,-2.979874,0.87
1050,PLG811,Danau Perumahan Surya Alam 6 ,Tempat Wisata,KOTA PALEMBANG,PALEMBANG,KOTA PALEMBANG,104.691731,-2.992586,1.23
1051,PLG811,Masjid & Ma'had Tahfidzul Qur'an Raudhatul Jannah ,Tempat Ibadah,KOTA PALEMBANG,PALEMBANG,KOTA PALEMBANG,104.682984,-2.989602,0.35
1052,PLG811,TK ISLAM Afidzah 2 palembang,Sekolah / Kampus,KOTA PALEMBANG,PALEMBANG,KOTA PALEMBANG,104.683995,-2.992241,0.66
1053,PLG811,TPA AFIDZAH PALEMBAN,Sekolah / Kampus,KOTA PALEMBANG,PALEMBANG,KOTA PALEMBANG,104.684004,-2.992369,0.68
1054,PLG811,PT. ARETTA JAYA MAKMUR,Perkantoran,KOTA PALEMBANG,PALEMBANG,KOTA PALEMBANG,104.684703,-2.992001,0.66
1055,PLG811,Masjid Al Akbar Tj Barangan,Tempat Ibadah,KOTA PALEMBANG,PALEMBANG,KOTA PALEMBANG,104.688735,-2.975875,1.36
1056,PLG811,Masjid Muhammad Djalil ,Tempat Ibadah,KOTA PALEMBANG,PALEMBANG,KOTA PALEMBANG,104.6894,-2.99489,1.2
1057,MBB031,Masjid Al Muhajirin,Tempat Ibadah,MUSI RAWAS,BENGKULU,MUSI RAWAS,103.306848,-2.816126,0.3
1058,MBB031,SD NEGERI TRANS PRABUMULIH 1 ,Sekolah / Kampus,MUSI RAWAS,BENGKULU,MUSI RAWAS,103.306359,-2.815351,0.23
1059,MBB031,KANTOR DESA PRABUMULIH 1 ,Perkantoran,MUSI RAWAS,BENGKULU,MUSI RAWAS,103.306846,-2.815077,0.28
1060,TIS064,"SDN 180 SELUMA ,DESA SINAR PAGI KEC.SELUMA UTARA",Sekolah / Kampus,SELUMA,BENGKULU,KOTA BENGKULU,102.643343,-3.972413,0.04
1061,MSK094,PT.TAP,Perkantoran,TANJUNG JABUNG TIMUR,JAMBI,TANJUNG JABUNG,103.621795,-1.360607,0.13
1062,MSK094,KANTOR WKS,Perkantoran,TANJUNG JABUNG TIMUR,JAMBI,TANJUNG JABUNG,103.624581,-1.360847,0.18
1063,MSK094,PT. Wirakarya Sakti Distrik 7,Perkantoran,TANJUNG JABUNG TIMUR,JAMBI,TANJUNG JABUNG,103.625837,-1.357893,0.45
1064,SGE147,SD Negeri 47/IX Teluk Duren,Sekolah / Kampus,MUARO JAMBI,JAMBI,MUARO DAN KOTA JAMBI,103.810249,-1.588144,0.14
1065,SGE147,PPM AL - FADHIL,Sekolah / Kampus,MUARO JAMBI,JAMBI,MUARO DAN KOTA JAMBI,103.811648,-1.58638,0.14
1066,SGE147,SMP Negeri 16 Muaro Jambi,Sekolah / Kampus,MUARO JAMBI,JAMBI,MUARO DAN KOTA JAMBI,103.808301,-1.589971,0.42
1067,SGE147,Mushola Nurhidayah Hasanah RT 04,Tempat Ibadah,MUARO JAMBI,JAMBI,MUARO DAN KOTA JAMBI,103.821893,-1.58143,1.4
1068,SGE147,Mushollah Nurul Jannah,Tempat Ibadah,MUARO JAMBI,JAMBI,MUARO DAN KOTA JAMBI,103.816339,-1.586136,0.65
1069,SGE147,Kantor Kepala Desa Sipin Teluk Duren,Perkantoran,MUARO JAMBI,JAMBI,MUARO DAN KOTA JAMBI,103.812135,-1.589166,0.31
1070,MBN082,Loding KSH,Perkantoran,BATANG HARI,JAMBI,SAROLANGUN,102.836218,-1.593174,0.92
1071,MBN082,Amanpratama makmurlestari. PT,Perkantoran,BATANG HARI,JAMBI,SAROLANGUN,102.827723,-1.589823,0.16
1072,MBN082,BTS Indosat Kembang Sri Jambi,Perkantoran,BATANG HARI,JAMBI,SAROLANGUN,102.829208,-1.589103,0.03
1073,MBN082,Masjid Al - Amaliyah,Tempat Ibadah,BATANG HARI,JAMBI,SAROLANGUN,102.816148,-1.592383,1.47
1074,PEW004,Kantor Desa TUNGGUL PAWENANG,Perkantoran,PRINGSEWU,LAMPUNG,PRINGSEWU LAMPUNG TIMUR,105.058079,-5.220891,0.29
1075,PEW004,VIHARA METTA DHIPA KARUNA ,Tempat Ibadah,PRINGSEWU,LAMPUNG,PRINGSEWU LAMPUNG TIMUR,105.065491,-5.216699,1.19
1076,PEW004,SDN 40 Negeri Katon ,Sekolah / Kampus,PRINGSEWU,LAMPUNG,PRINGSEWU LAMPUNG TIMUR,105.070106,-5.220554,1.5
1077,PEW004,Ngatimin's Home,Sekolah / Kampus,PRINGSEWU,LAMPUNG,PRINGSEWU LAMPUNG TIMUR,105.057528,-5.218892,0.47
1078,PEW004,MTs Al Hidayah,Sekolah / Kampus,PRINGSEWU,LAMPUNG,PRINGSEWU LAMPUNG TIMUR,105.056154,-5.220951,0.25
1079,PEW004,TPA.rhoudatul Janah,Sekolah / Kampus,PRINGSEWU,LAMPUNG,PRINGSEWU LAMPUNG TIMUR,105.054808,-5.221867,0.26
1080,PEW004,"masjid Nurul Iman,tunggul Pawenang",Tempat Ibadah,PRINGSEWU,LAMPUNG,PRINGSEWU LAMPUNG TIMUR,105.051303,-5.221651,0.63
1081,PEW004,MIS MIFTAHUL HUDA,Sekolah / Kampus,PRINGSEWU,LAMPUNG,PRINGSEWU LAMPUNG TIMUR,105.056268,-5.222591,0.08
1082,PEW007,Bukit Pringsewu Indah (BPI),Perkantoran,PRINGSEWU,LAMPUNG,PRINGSEWU LAMPUNG TIMUR,105.001784,-5.381176,0.71
1083,PEW007,Mushola Al Mustaqim,Tempat Ibadah,PRINGSEWU,LAMPUNG,PRINGSEWU LAMPUNG TIMUR,104.999912,-5.379041,0.54
1084,PEW007,SDN 2 Bulukarto,Sekolah / Kampus,PRINGSEWU,LAMPUNG,PRINGSEWU LAMPUNG TIMUR,104.998705,-5.368381,1.43
1085,PEW007,Masjid Al - Ikhlas Bulok,Tempat Ibadah,PRINGSEWU,LAMPUNG,PRINGSEWU LAMPUNG TIMUR,104.998264,-5.368127,1.45
1086,PEW007,Tugu Puncak BLT,Tempat Wisata,PRINGSEWU,LAMPUNG,PRINGSEWU LAMPUNG TIMUR,104.993575,-5.391164,1.16
1087,PEW007,PinusPintar Lampung,Sekolah / Kampus,PRINGSEWU,LAMPUNG,PRINGSEWU LAMPUNG TIMUR,104.990018,-5.377404,0.73
1088,PEW007,TPQ Al-Ikhlas Darussalam,Sekolah / Kampus,PRINGSEWU,LAMPUNG,PRINGSEWU LAMPUNG TIMUR,104.995913,-5.381753,0.12
1089,GNS205,Sinar sari,Tempat Ibadah,LAMPUNG TENGAH,LAMPUNG,LAMPUNG METRO,105.065911,-5.134786,1.37
1090,GNS205,Masjid Agung Sinar Luas,Tempat Ibadah,LAMPUNG TENGAH,LAMPUNG,LAMPUNG METRO,105.055882,-5.127954,0.1
1091,GNS205,"Praktek Mandiri Bidan Siti Nursiah, Amd.Keb",Rumah Sakit,LAMPUNG TENGAH,LAMPUNG,LAMPUNG METRO,105.05736,-5.121452,0.84
1092,GNS205,Masjid Nurul Iman,Sekolah / Kampus,LAMPUNG TENGAH,LAMPUNG,LAMPUNG METRO,105.056745,-5.122011,0.76
1093,GNS205,SMP Negeri 2 Bangunrejo,Sekolah / Kampus,LAMPUNG TENGAH,LAMPUNG,LAMPUNG METRO,105.059463,-5.116404,1.43
1094,GNS205,Masjid Al Huda,Tempat Ibadah,LAMPUNG TENGAH,LAMPUNG,LAMPUNG METRO,105.057318,-5.116285,1.39
1095,GNS205,SLTP Negeri 2 Bangunrejo,Sekolah / Kampus,LAMPUNG TENGAH,LAMPUNG,LAMPUNG METRO,105.059637,-5.115937,1.49
1096,LIW030,SITUS HUJUNG LANGIT HARAKUNING,Tempat Wisata,LAMPUNG BARAT,LAMPUNG,LAMPUNG BARAT,104.080085,-4.993906,0.46
1097,LIW030,TOKO PUTRA JAYA,Pasar ,LAMPUNG BARAT,LAMPUNG,LAMPUNG BARAT,104.069394,-4.993675,1.33
1098,MES003,GBIKT Cab. Citra Almasih,Tempat Ibadah,MESUJI,PALEMBANG,OGAN KOMERING ILIR,105.251399,-3.942537,1.38
1099,MES003,Mushola Nurul iman ,Tempat Ibadah,MESUJI,PALEMBANG,OGAN KOMERING ILIR,105.257943,-3.951816,0.14
1100,MES003,Balai Desa Adi Mulyo,Perkantoran,MESUJI,PALEMBANG,OGAN KOMERING ILIR,105.263537,-3.958457,0.86
1101,MES003,SD N 3 Panca Jaya,Sekolah / Kampus,MESUJI,PALEMBANG,OGAN KOMERING ILIR,105.261485,-3.957409,0.62
1102,MES003,TK DHARMA WANITA ADI MULYO,Sekolah / Kampus,MESUJI,PALEMBANG,OGAN KOMERING ILIR,105.261792,-3.95772,0.66
1103,MES003,MASJID NURUL YAQIN,Tempat Ibadah,MESUJI,PALEMBANG,OGAN KOMERING ILIR,105.262625,-3.958273,0.77
1104,MES003,Pondok Pesantren Syafa'atul Furqon,Sekolah / Kampus,MESUJI,PALEMBANG,OGAN KOMERING ILIR,105.255816,-3.962671,1.1
1105,MPR083,Masjid dusun sukakarya,Tempat Ibadah,OGAN KOMERING ULU TIMUR,PALEMBANG,OGAN KOMERING ULU,104.484752,-4.301555,1.33
1106,MPR083,Masjid Dusun 002,Tempat Ibadah,OGAN KOMERING ULU TIMUR,PALEMBANG,OGAN KOMERING ULU,104.479506,-4.297021,0.57
1107,MPR083,Masjid Al TAQWA,Tempat Ibadah,OGAN KOMERING ULU TIMUR,PALEMBANG,OGAN KOMERING ULU,104.47553,-4.292204,0.2
1108,MPR083,Mushola AL FALAH,Tempat Ibadah,OGAN KOMERING ULU TIMUR,PALEMBANG,OGAN KOMERING ULU,104.469175,-4.296309,0.73
1109,MPR083,RA AL-AZHAR,Sekolah / Kampus,OGAN KOMERING ULU TIMUR,PALEMBANG,OGAN KOMERING ULU,104.47228,-4.297541,0.52
1110,MPR083,MI NU Setia Mukti,Sekolah / Kampus,OGAN KOMERING ULU TIMUR,PALEMBANG,OGAN KOMERING ULU,104.472529,-4.297089,0.46
1111,MPR083,BALAI DESA KURUNGAN NYAWA II,Perkantoran,OGAN KOMERING ULU TIMUR,PALEMBANG,OGAN KOMERING ULU,104.474141,-4.288963,0.59
1112,OKI213,TKS TUNAS BANGSA DESA GEDUNG REJO,Sekolah / Kampus,OGAN KOMERING ILIR,PALEMBANG,OGAN KOMERING ILIR,105.056137,-3.694164,0.41
1113,OKI213,Kantor Desa Gedung Rejo,Perkantoran,OGAN KOMERING ILIR,PALEMBANG,OGAN KOMERING ILIR,105.056223,-3.694073,0.42
1114,OKI213,Masjid Nurul Iman,Tempat Wisata,OGAN KOMERING ILIR,PALEMBANG,OGAN KOMERING ILIR,105.056958,-3.696536,0.21
1115,OKI213,SD Negeri 2 Gedung Rejo,Sekolah / Kampus,OGAN KOMERING ILIR,PALEMBANG,OGAN KOMERING ILIR,105.056063,-3.69534,0.28
1116,OKI213,Poskesdes gedung rejo,Rumah Sakit,OGAN KOMERING ILIR,PALEMBANG,OGAN KOMERING ILIR,105.05559,-3.694785,0.34
1117,SAT206,SD IT Syajarul Qur'an Gelumbang,Sekolah / Kampus,MUARA ENIM,PALEMBANG,PRABUMULIH,104.435155,-3.248605,0.39
1118,SAT206,SDN 2 Gelumbang,Rumah Sakit,MUARA ENIM,PALEMBANG,PRABUMULIH,104.433143,-3.245846,0.09
1119,SAT206,Puskesmas Gelumbang,Sekolah / Kampus,MUARA ENIM,PALEMBANG,PRABUMULIH,104.433663,-3.244812,0.21
1120,SAT206,Ma'had Tahfidz Syuhratul Islam Gelumbang,Sekolah / Kampus,MUARA ENIM,PALEMBANG,PRABUMULIH,104.435243,-3.247846,0.35
1121,SAT206,Masjid Al Muhajirin,Sekolah / Kampus,MUARA ENIM,PALEMBANG,PRABUMULIH,104.424527,-3.256292,1.42
1122,SAT206,Musholla Baiturrahman ,Tempat Ibadah,MUARA ENIM,PALEMBANG,PRABUMULIH,104.435806,-3.236083,1.19
1123,SAT206,Masjid Jami' Babussalam Gelumbang,Tempat Ibadah,MUARA ENIM,PALEMBANG,PRABUMULIH,104.436599,-3.238123,1.01
1124,SAT206,TK IT AL-FATH Gelumbang ,Sekolah / Kampus,MUARA ENIM,PALEMBANG,PRABUMULIH,104.433746,-3.236389,1.11
1125,SAT206,Klinik DITA,Rumah Sakit,MUARA ENIM,PALEMBANG,PRABUMULIH,104.440407,-3.239396,1.16
1126,SAT206,OT Jaka Nada,Perkantoran,MUARA ENIM,PALEMBANG,PRABUMULIH,104.434231,-3.241203,0.59
1127,SAT206,KANTOR JAGA PLN GELUMBANG,Sekolah / Kampus,MUARA ENIM,PALEMBANG,PRABUMULIH,104.43349,-3.242788,0.41
1128,SAT206,SMA PGRI Gelumbang,Sekolah / Kampus,MUARA ENIM,PALEMBANG,PRABUMULIH,104.434955,-3.246732,0.27
1129,MRD049,Kantorpos Muara Dua Kisam,Perkantoran,OGAN KOMERING ULU SELATAN,PALEMBANG,OGAN KOMERING ULU,103.754182,-4.411557,0.1
1130,MRD049,pasar tenang ,Pasar ,OGAN KOMERING ULU SELATAN,PALEMBANG,OGAN KOMERING ULU,103.753841,-4.41267,0.16
1131,MRD049,musholla talang sawah ulak agung ilir,Tempat Ibadah,OGAN KOMERING ULU SELATAN,PALEMBANG,OGAN KOMERING ULU,103.755906,-4.411533,0.14
1132,MRD049,SMAN 1 MUARADUA KISAM,Sekolah / Kampus,OGAN KOMERING ULU SELATAN,PALEMBANG,OGAN KOMERING ULU,103.749821,-4.400833,1.3
1133,MRD049,Taman Wisata Air Pagar Dewa,Tempat Wisata,OGAN KOMERING ULU SELATAN,PALEMBANG,OGAN KOMERING ULU,103.766276,-4.406676,1.4
1134,MRD049,SMP NEGERI 1 MUARADUA KISAM,Sekolah / Kampus,OGAN KOMERING ULU SELATAN,PALEMBANG,OGAN KOMERING ULU,103.756298,-4.403399,0.9
1135,MRD049,Masjid Nurul Amal Desa Ulak Agung Ilir ,Tempat Ibadah,OGAN KOMERING ULU SELATAN,PALEMBANG,OGAN KOMERING ULU,103.760058,-4.413307,0.63
1136,MRD049,Bidan Upit,Rumah Sakit,OGAN KOMERING ULU SELATAN,PALEMBANG,OGAN KOMERING ULU,103.749953,-4.402846,1.09
1137,MRD049,SD 5 Muara Dua Kisam,Sekolah / Kampus,OGAN KOMERING ULU SELATAN,PALEMBANG,OGAN KOMERING ULU,103.752731,-4.412635,0.24
1138,MRD049,Penantian,Tempat Ibadah,OGAN KOMERING ULU SELATAN,PALEMBANG,OGAN KOMERING ULU,103.75939,-4.398675,1.52
1139,MGR042,MASJID AL-ABSOR,Tempat Ibadah,BELITUNG TIMUR,PANGKAL PINANG,BANGKA SELATAN,107.907771,-2.843307,0.37
1140,MGR042,Kantor BPD Simpang Tiga,Perkantoran,BELITUNG TIMUR,PANGKAL PINANG,BANGKA SELATAN,107.902642,-2.843617,0.2
1141,MGR042,SD 7 SIMPANG RENGGIANG ,Sekolah / Kampus,BELITUNG TIMUR,PANGKAL PINANG,BANGKA SELATAN,107.907982,-2.843219,0.39
1142,MGR042,SD Negeri 8 Simpang Renggiang,Sekolah / Kampus,BELITUNG TIMUR,PANGKAL PINANG,BANGKA SELATAN,107.90792,-2.843096,0.39
1143,MGR042,Yon TP,Perkantoran,BELITUNG TIMUR,PANGKAL PINANG,BANGKA SELATAN,107.897669,-2.844449,0.76
1144,MGR042,Kantor Desa Simpang Tige,Perkantoran,BELITUNG TIMUR,PANGKAL PINANG,BANGKA SELATAN,107.909673,-2.843009,0.58
1145,AGR156,SPPG TEPI LAUT,Perkantoran,BENGKULU UTARA,BENGKULU,BENGKULU,102.195584,-3.633792,1.29
1146,AGR156,SDN 118 BENGKULU UTARA,Sekolah / Kampus,BENGKULU UTARA,BENGKULU,BENGKULU,102.202598,-3.640667,0.28
1147,AGR156,Taman kanak kanak Al wakhidah,Sekolah / Kampus,BENGKULU UTARA,BENGKULU,BENGKULU,102.202992,-3.640279,0.23
1148,AGR156,Masjid Al Wakhidah,Tempat Ibadah,BENGKULU UTARA,BENGKULU,BENGKULU,102.202636,-3.639124,0.31
1149,AGR156,Klinik andrew pratama II bengkulu tengah,Rumah Sakit,BENGKULU UTARA,BENGKULU,BENGKULU,102.209504,-3.643254,0.58
1150,AGR156,Kantor Desa Padang Betuah,Perkantoran,BENGKULU UTARA,BENGKULU,BENGKULU,102.21362,-3.645671,1.11
1151,AGR156,PT. Nagrofa Aqua Kultura,Perkantoran,BENGKULU UTARA,BENGKULU,BENGKULU,102.205707,-3.649907,1.05
1152,AGR156,SMP N 23 BENGKULU TENGAH,Sekolah / Kampus,BENGKULU UTARA,BENGKULU,BENGKULU,102.207814,-3.647797,0.87
1153,AGR156,SDN 69 BENGKULU TENGAH,Sekolah / Kampus,BENGKULU UTARA,BENGKULU,BENGKULU,102.208657,-3.648075,0.93
1154,AGR156,Pt Sawit Mulia,Perkantoran,BENGKULU UTARA,BENGKULU,BENGKULU,102.21255,-3.635349,1
1155,AGR156,KANTOR DESA PASAR BEMBAH,Perkantoran,BENGKULU UTARA,BENGKULU,BENGKULU,102.19613,-3.63613,1.1
1156,AGR156,Taqwa Mosque,Tempat Ibadah,BENGKULU UTARA,BENGKULU,BENGKULU,102.197566,-3.637889,0.88
1157,AGR156,"PMB MARTINA SAPITRI,S.Tr.Keb ",Rumah Sakit,BENGKULU UTARA,BENGKULU,BENGKULU,102.19899,-3.638395,0.71
1158,BIN035,Masjid Al Huda,Tempat Ibadah,KAUR,BENGKULU,KOTA BENGKULU,103.350341,-4.73106,1.39
1159,BIN035,Masjid At Thaubah Kepahyang,Tempat Ibadah,KAUR,BENGKULU,KOTA BENGKULU,103.34688,-4.737955,0.55
1160,BIN035,Masjid Al-Amin ,Tempat Ibadah,KAUR,BENGKULU,KOTA BENGKULU,103.345716,-4.750649,0.87
1161,KRI200,SD NEGERI 32 BENGKULU TENGAH,Sekolah / Kampus,KOTA BENGKULU,BENGKULU,KOTA BENGKULU,102.325138,-3.751949,1.02
1162,KRI200,Pondok Pesantren IIT Rabbani (Putra),Sekolah / Kampus,KOTA BENGKULU,BENGKULU,KOTA BENGKULU,102.318019,-3.755298,0.14
1163,KRI200,SMK Taruna Kelautan dan Perikanan Bengkulu,Sekolah / Kampus,KOTA BENGKULU,BENGKULU,KOTA BENGKULU,102.314569,-3.768836,1.44
1164,KRI200,"Kantor Notaris / PPAT Tuti Handayani S.H, MKn ",Perkantoran,KOTA BENGKULU,BENGKULU,KOTA BENGKULU,102.314971,-3.75677,0.25
1165,KRI200,Kantor desa dusun baru 1,Perkantoran,KOTA BENGKULU,BENGKULU,KOTA BENGKULU,102.312279,-3.753685,0.59
1166,KRI200,Masjid Al-Muslimin ,Tempat Ibadah,KOTA BENGKULU,BENGKULU,KOTA BENGKULU,102.310564,-3.763247,1.06
1167,KRI200,Dinas Kependudukan Dan Catatan Sipil Kota Bengkulu,Perkantoran,KOTA BENGKULU,BENGKULU,KOTA BENGKULU,102.30549,-3.762807,1.48
1168,KRI200,Kantor KPU Kota Bengkulu,Perkantoran,KOTA BENGKULU,BENGKULU,KOTA BENGKULU,102.305921,-3.761343,1.36
1169,KRI200,MASJID AL IKHLAS Perumahan Griya Azahra Permai,Tempat Ibadah,KOTA BENGKULU,BENGKULU,KOTA BENGKULU,102.307663,-3.758904,1.08
1170,KRI200,Masjid Al-Ikhlas ,Tempat Ibadah,KOTA BENGKULU,BENGKULU,KOTA BENGKULU,102.318639,-3.755288,0.21
1171,LHT103,Operasional muara Tiga Besar Utara,Perkantoran,LAHAT,BENGKULU,MUSI RAWAS,103.718718,-3.733076,0.67
1172,LHT103,WorkShop Mini PMC UT Bukit Asam,Perkantoran,LAHAT,BENGKULU,MUSI RAWAS,103.716883,-3.732237,0.64
1173,LHT103,Pit MTBU,Perkantoran,LAHAT,BENGKULU,MUSI RAWAS,103.72664,-3.728008,0.8
1174,TIS057,Kantor Lurah Padang Rambun,Perkantoran,SELUMA,BENGKULU,KOTA BENGKULU,102.54117,-4.082993,0.68
1175,TIS057,Masjid al barokah,Tempat Ibadah,SELUMA,BENGKULU,KOTA BENGKULU,102.528734,-4.079123,0.85
1176,TIS057,MASJID RHOUDHOTUL AWWABIN,Tempat Ibadah,SELUMA,BENGKULU,KOTA BENGKULU,102.542568,-4.090462,1.13
1177,TIS057,"Gereja Katolik Stasi St. Yoseph, Tanjung Seluai",Tempat Ibadah,SELUMA,BENGKULU,KOTA BENGKULU,102.531032,-4.079439,0.64
1178,TIS057,MASJID PADANG RAMBUN2018 ,Tempat Ibadah,SELUMA,BENGKULU,KOTA BENGKULU,102.542467,-4.089311,1.04
1179,TIS057,SDN 91 SELUMA,Sekolah / Kampus,SELUMA,BENGKULU,KOTA BENGKULU,102.529396,-4.079569,0.77
1180,TIS057,Musholah Nurul iman ,Tempat Ibadah,SELUMA,BENGKULU,KOTA BENGKULU,102.536516,-4.083435,0.16
1181,MBN102,PUSKESWAN BATIN XXIV,Perkantoran,BATANG HARI,JAMBI,SAROLANGUN,102.993984,-1.903238,0.32
1182,MBN102,Kantor Desa Simpang Jelutih,Perkantoran,BATANG HARI,JAMBI,SAROLANGUN,102.992689,-1.908976,0.34
1183,MBN102,Madrasah Ibtidaiyah Nurul Hidayah,Sekolah / Kampus,BATANG HARI,JAMBI,SAROLANGUN,102.99267,-1.909253,0.38
1184,MAB154,Masjid Al Falah Empelu,Tempat Ibadah,BUNGO,JAMBI,TEBO BUNGO,101.982708,-1.42146,0.17
1185,MAB154,Kantor Rio Dusun Empelu,Perkantoran,BUNGO,JAMBI,TEBO BUNGO,101.982552,-1.421055,0.22
1186,MAB154,Masjid Jami,Tempat Ibadah,BUNGO,JAMBI,TEBO BUNGO,101.993659,-1.416371,1.29
1187,MAB154,SMAN 18 Bungo ,Sekolah / Kampus,BUNGO,JAMBI,TEBO BUNGO,101.996152,-1.422058,1.37
1188,MAB154,SDN 84/II Empelu ,Sekolah / Kampus,BUNGO,JAMBI,TEBO BUNGO,101.98749,-1.423202,0.41
1189,MAB154,Pasar Indor Jayo Dusun Empelu ,Pasar ,BUNGO,JAMBI,TEBO BUNGO,101.991179,-1.423039,0.82
1190,MAB154,SMP N 2 Tanah Sepenggal ,Sekolah / Kampus,BUNGO,JAMBI,TEBO BUNGO,101.97646,-1.415452,1.14
1191,MAB154,SDN 116/II Empelu,Sekolah / Kampus,BUNGO,JAMBI,TEBO BUNGO,101.978859,-1.418411,0.72
1192,MAB154,SDN 12/II Empelu ,Sekolah / Kampus,BUNGO,JAMBI,TEBO BUNGO,101.979981,-1.419623,0.55
1193,MAB154,MADIN AL-FATAH,Sekolah / Kampus,BUNGO,JAMBI,TEBO BUNGO,101.980268,-1.426511,0.6
1194,JBI028,UNAMA Universitas Dinamika Bangsa (stikom-db) ,Sekolah / Kampus,KOTA JAMBI,JAMBI,MUARO DAN KOTA JAMBI,103.628081,-1.618551,1.37
1195,JBI028,Kopitiam Sahabat ,Hang Out Place (Café / Mall),KOTA JAMBI,JAMBI,MUARO DAN KOTA JAMBI,103.63367,-1.629063,0.24
1196,JBI028,TK & SD Xaverius I Jambi,Sekolah / Kampus,KOTA JAMBI,JAMBI,MUARO DAN KOTA JAMBI,103.63143,-1.626906,0.49
1197,JBI028,Polsek Jambi Selatan ,Perkantoran,KOTA JAMBI,JAMBI,MUARO DAN KOTA JAMBI,103.632766,-1.625806,0.42
1198,JBI028,Masjid AL MUHAJIRIN ,Tempat Ibadah,KOTA JAMBI,JAMBI,MUARO DAN KOTA JAMBI,103.629697,-1.624981,0.76
1199,JBI028,Bimbel,Sekolah / Kampus,KOTA JAMBI,JAMBI,MUARO DAN KOTA JAMBI,103.632387,-1.616173,1.41
1200,JBI028,SDN 107 Jambi,Sekolah / Kampus,KOTA JAMBI,JAMBI,MUARO DAN KOTA JAMBI,103.633355,-1.616815,1.31
1201,JBI028,Masjid Darussalam,Tempat Ibadah,KOTA JAMBI,JAMBI,MUARO DAN KOTA JAMBI,103.637222,-1.637364,1
1202,JBI028,Wisata Lebah Madu Jambi,Tempat Wisata,KOTA JAMBI,JAMBI,MUARO DAN KOTA JAMBI,103.639705,-1.630143,0.51
1203,JBI028,Institut Agama Islam Muhammad Azim Jambi,Tempat Ibadah,KOTA JAMBI,JAMBI,MUARO DAN KOTA JAMBI,103.623875,-1.629436,1.31
1204,JBI028,Madrasah Aliyah Negeri 2 Kota Jambi ,Sekolah / Kampus,KOTA JAMBI,JAMBI,MUARO DAN KOTA JAMBI,103.624965,-1.627588,1.21
1205,JBI028,Panti Asuhan Yayasan Kesejahteraan Anak(LKSA -PKA JAMBI),Sekolah / Kampus,KOTA JAMBI,JAMBI,MUARO DAN KOTA JAMBI,103.642807,-1.629797,0.82
1206,JBI028,Masjid AT TAQWA,Tempat Ibadah,KOTA JAMBI,JAMBI,MUARO DAN KOTA JAMBI,103.634502,-1.61527,1.45
1207,JBI028,Pondok Pesantren Raudhatul Muhibbin Putra,Sekolah / Kampus,KOTA JAMBI,JAMBI,MUARO DAN KOTA JAMBI,103.634165,-1.615433,1.44
1208,JBI028,Guang Ming School,Sekolah / Kampus,KOTA JAMBI,JAMBI,MUARO DAN KOTA JAMBI,103.635297,-1.619776,0.95
1209,JBI028,SMA Negeri 13 Kota Jambi ,Sekolah / Kampus,KOTA JAMBI,JAMBI,MUARO DAN KOTA JAMBI,103.643201,-1.62908,0.85
1210,JBI028,PT. Kresna Duta Agroindo,Perkantoran,KOTA JAMBI,JAMBI,MUARO DAN KOTA JAMBI,103.636274,-1.627583,0.11
1211,JBI028,PT. Citra Koprasindo Tani,Perkantoran,KOTA JAMBI,JAMBI,MUARO DAN KOTA JAMBI,103.636148,-1.626825,0.18
1212,JBI028,SLB HARAPAN MULIA ,Sekolah / Kampus,KOTA JAMBI,JAMBI,MUARO DAN KOTA JAMBI,103.637119,-1.61506,1.48
1213,JBI028,MTsN 2 Kota Jambi ,Sekolah / Kampus,KOTA JAMBI,JAMBI,MUARO DAN KOTA JAMBI,103.624515,-1.627095,1.26
1214,JBI028,Kantor Basarnas Jambi,Perkantoran,KOTA JAMBI,JAMBI,MUARO DAN KOTA JAMBI,103.647554,-1.633372,1.47
1215,JBI028,TK RAUDHATUL ATHFAL,Sekolah / Kampus,KOTA JAMBI,JAMBI,MUARO DAN KOTA JAMBI,103.625019,-1.627234,1.19
1216,JBI028,Masjid Al-Munawaroh Bandara Sultan Thaha,Tempat Ibadah,KOTA JAMBI,JAMBI,MUARO DAN KOTA JAMBI,103.642643,-1.631156,0.83
1217,JBI028,"SD N 108 Pasir Putih,Jambi Selatan",Sekolah / Kampus,KOTA JAMBI,JAMBI,MUARO DAN KOTA JAMBI,103.638437,-1.625458,0.44
1218,JBI028,Masjid Al Barokah (LDII),Tempat Ibadah,KOTA JAMBI,JAMBI,MUARO DAN KOTA JAMBI,103.638496,-1.624909,0.5
1219,JBI028,Islamic center provinsi Jambi,Tempat Ibadah,KOTA JAMBI,JAMBI,MUARO DAN KOTA JAMBI,103.64545,-1.62981,1.11
1220,JBI028,Masjid Raya Tsamaratul Insan Jambi Islamic Center,Tempat Ibadah,KOTA JAMBI,JAMBI,MUARO DAN KOTA JAMBI,103.646251,-1.628755,1.18
1221,JBI028,TK PUTRA II,Sekolah / Kampus,KOTA JAMBI,JAMBI,MUARO DAN KOTA JAMBI,103.644932,-1.621913,1.26
1222,JBI028,Sekolah Menengah Kejuruan Negeri 2 Kota Jambi,Sekolah / Kampus,KOTA JAMBI,JAMBI,MUARO DAN KOTA JAMBI,103.64414,-1.619934,1.33
1223,JBI028,SMP Negeri 6 Kota Jambi,Sekolah / Kampus,KOTA JAMBI,JAMBI,MUARO DAN KOTA JAMBI,103.63976,-1.619884,1.04
1224,JBI028,Masjid Istiqomah,Sekolah / Kampus,KOTA JAMBI,JAMBI,MUARO DAN KOTA JAMBI,103.639749,-1.616598,1.38
1225,JBI028,Arena Ex MTQ,Tempat Wisata,KOTA JAMBI,JAMBI,MUARO DAN KOTA JAMBI,103.647303,-1.630347,1.32
1226,JBI028,TAMAN RAJO MUDO,Tempat Wisata,KOTA JAMBI,JAMBI,MUARO DAN KOTA JAMBI,103.645455,-1.63189,1.17
1227,JBI028,bandara,Public Transportation,KOTA JAMBI,JAMBI,MUARO DAN KOTA JAMBI,103.643804,-1.631926,1
1228,JBI028,Taman Rimbo Zoo Area,Tempat Wisata,KOTA JAMBI,JAMBI,MUARO DAN KOTA JAMBI,103.645641,-1.627158,1.11
1229,JBI028,Gereja GKSBS Palmerah Jambi,Tempat Ibadah,KOTA JAMBI,JAMBI,MUARO DAN KOTA JAMBI,103.637688,-1.627883,0.23
1230,JBI028,Ohio English Course,Sekolah / Kampus,KOTA JAMBI,JAMBI,MUARO DAN KOTA JAMBI,103.640389,-1.620233,1.04
1231,JBI028,RedDoorz Syariah @ Pasir Putih Jambi,Hang Out Place (Café / Mall),KOTA JAMBI,JAMBI,MUARO DAN KOTA JAMBI,103.638836,-1.618928,1.09
1232,BKO113,Kantor Desa Pulau Baru,Perkantoran,MERANGIN,JAMBI,KERINCI MERANGIN,102.179896,-2.082739,0.16
1233,BKO113,Masjid asyuhada 1,Tempat Ibadah,MERANGIN,JAMBI,KERINCI MERANGIN,102.180488,-2.081247,0.33
1234,BKO113,SMP NEGERI 49 MERANGIN,Sekolah / Kampus,MERANGIN,JAMBI,KERINCI MERANGIN,102.179769,-2.086241,0.23
1235,BKO113,SDN 51/VI PULAU BARU 1 ,Sekolah / Kampus,MERANGIN,JAMBI,KERINCI MERANGIN,102.180652,-2.084534,0.1
1236,BKO113,Pondok pesantren Darussalam ,Sekolah / Kampus,MERANGIN,JAMBI,KERINCI MERANGIN,102.180854,-2.089562,0.61
1237,BKO113,PUSKESMAS KEDERASAN PANJANG,Rumah Sakit,MERANGIN,JAMBI,KERINCI MERANGIN,102.187272,-2.092474,1.32
1238,MTB079,Mushola Baiturrahim,Tempat Ibadah,TEBO,JAMBI,TEBO BUNGO,102.251546,-1.365944,0.39
1239,MTB079,Mushola Al-Ikhlas,Tempat Ibadah,TEBO,JAMBI,TEBO BUNGO,102.249191,-1.358769,0.77
1240,MTB079,Pasar Unit 15 ,Pasar ,TEBO,JAMBI,TEBO BUNGO,102.253864,-1.362362,0.15
1241,MTB079,Mushola Nurul Huda,Tempat Ibadah,TEBO,JAMBI,TEBO BUNGO,102.245079,-1.354559,1.42
1242,MTB079,SMKN 5 TEBO,Sekolah / Kampus,TEBO,JAMBI,TEBO BUNGO,102.256344,-1.354729,1.02
1243,MTB079,Kantor Desa Giri Mulyo,Perkantoran,TEBO,JAMBI,TEBO BUNGO,102.256871,-1.355959,0.91
1244,MTB079,SMK N 6 Giri mulyo,Sekolah / Kampus,TEBO,JAMBI,TEBO BUNGO,102.253616,-1.352758,1.21
1245,MTB079,Al-Hidayah ,Tempat Ibadah,TEBO,JAMBI,TEBO BUNGO,102.255134,-1.351321,1.37
1246,MTB079,Pasar kamis Girimulyo,Pasar ,TEBO,JAMBI,TEBO BUNGO,102.259694,-1.357196,0.94
1247,MTB079,Masjid MI MAFAZUL QULUB punya pak munawar ,Tempat Ibadah,TEBO,JAMBI,TEBO BUNGO,102.25768,-1.357441,0.78
1248,MTB079,SD NEGERI 094/VIII GIRIWINANGUN,Sekolah / Kampus,TEBO,JAMBI,TEBO BUNGO,102.254092,-1.360645,0.34
1249,MTB079,SMP NEGERI 06 KABUPATEN TEBO,Sekolah / Kampus,TEBO,JAMBI,TEBO BUNGO,102.255012,-1.35446,0.01
1250,KLA308,Gereja GKSBS sumber Jaya,Tempat Wisata,LAMPUNG SELATAN,LAMPUNG,KOTA BANDAR LAMPUNG,105.370038,-5.294998,1.41
1251,KLA308,Masjid jama'atul muslimin,Tempat Ibadah,LAMPUNG SELATAN,LAMPUNG,KOTA BANDAR LAMPUNG,105.360638,-5.284731,0.78
1252,KLA308,Pasar Sumber Jaya,Pasar ,LAMPUNG SELATAN,LAMPUNG,KOTA BANDAR LAMPUNG,105.359407,-5.290845,0.17
1253,KLA308,Jami'ah ABAT Lampung,Sekolah / Kampus,LAMPUNG SELATAN,LAMPUNG,KOTA BANDAR LAMPUNG,105.353052,-5.30066,1.18
1254,KLA308,PPUI Margodadi,Sekolah / Kampus,LAMPUNG SELATAN,LAMPUNG,KOTA BANDAR LAMPUNG,105.351652,-5.299959,1.19
1255,KLA308,مسجد الأخوين ,Tempat Ibadah,LAMPUNG SELATAN,LAMPUNG,KOTA BANDAR LAMPUNG,105.352944,-5.296823,0.84
1256,KLA308,SMP/SMA Sunan Kalijaga Jati Agung ,Sekolah / Kampus,LAMPUNG SELATAN,LAMPUNG,KOTA BANDAR LAMPUNG,105.359385,-5.291809,0.18
1257,KLA308,"Klinik Bidan Feni Prayekti, SKeb.Bdn",Rumah Sakit,LAMPUNG SELATAN,LAMPUNG,KOTA BANDAR LAMPUNG,105.361478,-5.291085,0.4
1258,KLA308,MASJID AL AMIN,Tempat Ibadah,LAMPUNG SELATAN,LAMPUNG,KOTA BANDAR LAMPUNG,105.36056,-5.291297,0.3
1259,KLA308,SDN Marga Lestar,Sekolah / Kampus,LAMPUNG SELATAN,LAMPUNG,KOTA BANDAR LAMPUNG,105.345979,-5.294872,1.39
1260,KLA308,RUmah Qur'an AlAqsho,Sekolah / Kampus,LAMPUNG SELATAN,LAMPUNG,KOTA BANDAR LAMPUNG,105.367145,-5.290171,1.03
1261,KLA308,PP. Riyadhotul uqul Al Falah,Sekolah / Kampus,LAMPUNG SELATAN,LAMPUNG,KOTA BANDAR LAMPUNG,105.361061,-5.28546,0.73
1262,SLT050,Masjid Al-Falah,Sekolah / Kampus,BANGKA,PANGKAL PINANG,BANGKA UTARA,106.129831,-1.889744,0.25
1263,SLT050,Surau Nurhasanah,Tempat Ibadah,BANGKA,PANGKAL PINANG,BANGKA UTARA,106.130527,-1.890443,0.14
1264,SLT050,Rumah,Tempat Ibadah,BANGKA,PANGKAL PINANG,BANGKA UTARA,106.129235,-1.889966,0.28
1265,SLT050,Klinik Ananta Mitra Pratama,Rumah Sakit,BANGKA,PANGKAL PINANG,BANGKA UTARA,106.127417,-1.891196,0.43
1266,SLT050,masjid Darusallam sury timur,Tempat Ibadah,BANGKA,PANGKAL PINANG,BANGKA UTARA,106.125712,-1.898996,1.03
1267,SLT050,SD negeri 22 sungailiat,Sekolah / Kampus,BANGKA,PANGKAL PINANG,BANGKA UTARA,106.130318,-1.901799,1.15
1268,SLT050,TK permata bunda 2,Sekolah / Kampus,BANGKA,PANGKAL PINANG,BANGKA UTARA,106.131269,-1.889861,0.19
1269,SLT050,Gereja Bethel ,Tempat Ibadah,BANGKA,PANGKAL PINANG,BANGKA UTARA,106.134542,-1.891101,0.37
1270,SLT050,Yayasan Al-Furqan Sungailiat Bangka,Sekolah / Kampus,BANGKA,PANGKAL PINANG,BANGKA UTARA,106.12396,-1.899034,1.16
1271,SLT050,Kantor Kelurahan Jelitik,Perkantoran,BANGKA,PANGKAL PINANG,BANGKA UTARA,106.139796,-1.884024,1.27
1272,SLT050,Vihara Dharna Mulia Sungailiat,Tempat Ibadah,BANGKA,PANGKAL PINANG,BANGKA UTARA,106.139781,-1.883943,1.27
1273,SLT050,Cetya Triloka Maitreya,Tempat Ibadah,BANGKA,PANGKAL PINANG,BANGKA UTARA,106.139669,-1.888702,1
1274,SLT050,Madrasah tunarungu ALSHOMT,Sekolah / Kampus,BANGKA,PANGKAL PINANG,BANGKA UTARA,106.12901,-1.889416,0.34
1275,SLT050,Cetya Citra Maitreya,Tempat Ibadah,BANGKA,PANGKAL PINANG,BANGKA UTARA,106.132316,-1.883458,0.9
1276,SLT050,Kelenteng Cahaya Bhakti Jelitik,Tempat Ibadah,BANGKA,PANGKAL PINANG,BANGKA UTARA,106.132721,-1.878081,1.49
1277,SLT050,zikir ,Tempat Ibadah,BANGKA,PANGKAL PINANG,BANGKA UTARA,106.130231,-1.882996,0.95
1278,SLT050,Vihara Dhammika Kim Hin,Tempat Ibadah,BANGKA,PANGKAL PINANG,BANGKA UTARA,106.134452,-1.903854,1.42
1279,SLT050,Gereja GTI Bukit Zaitun Tunghin,Tempat Ibadah,BANGKA,PANGKAL PINANG,BANGKA UTARA,106.123603,-1.886265,1.03
1280,SLT050,GPdI Tunghin,Tempat Ibadah,BANGKA,PANGKAL PINANG,BANGKA UTARA,106.122253,-1.885671,1.2
1281,SLT050,TPQ DAARUL KHOIR SURYA TIMUR,Sekolah / Kampus,BANGKA,PANGKAL PINANG,BANGKA UTARA,106.124692,-1.883087,1.18
1282,KOB024,Kantor Desa Romadhon,Perkantoran,BANGKA TENGAH,PANGKAL PINANG,BANGKA SELATAN,105.996517,-2.297472,0.84
1283,KOB024,Masjid Nurul Iman,Tempat Ibadah,BANGKA TENGAH,PANGKAL PINANG,BANGKA SELATAN,105.993709,-2.293186,0.28
1284,KOB024,Paud Lestari,Sekolah / Kampus,BANGKA TENGAH,PANGKAL PINANG,BANGKA SELATAN,105.992576,-2.293342,0.21
1285,MGR037,SD Negeri 12 Gantung,Sekolah / Kampus,BELITUNG TIMUR,PANGKAL PINANG,BANGKA SELATAN,108.135532,-2.997837,0.62
1286,MGR037,Masjid Al-Barkah ,Tempat Ibadah,BELITUNG TIMUR,PANGKAL PINANG,BANGKA SELATAN,108.133903,-2.99317,0.49
1287,MGR037,Alun-Alun Desa Batu Penyu,Tempat Wisata,BELITUNG TIMUR,PANGKAL PINANG,BANGKA SELATAN,108.140363,-2.989314,1.32
1288,MGR037,Kantor Desa Batu Penyu,Perkantoran,BELITUNG TIMUR,PANGKAL PINANG,BANGKA SELATAN,108.140642,-2.989092,1.36
1289,MGR037,Kantor BPD Batu Penyu,Perkantoran,BELITUNG TIMUR,PANGKAL PINANG,BANGKA SELATAN,108.139526,-2.989738,1.21
1290,MGR037,Pondok Pesantren Modern Nurussalam,Sekolah / Kampus,BELITUNG TIMUR,PANGKAL PINANG,BANGKA SELATAN,108.132221,-3.001758,0.7
1291,MGR037,Masjid Ar Rahman,Tempat Ibadah,BELITUNG TIMUR,PANGKAL PINANG,BANGKA SELATAN,108.12131,-2.995578,1.02
1292,MGR037,Masjid Muhammadiyah Batu Penyu,Tempat Ibadah,BELITUNG TIMUR,PANGKAL PINANG,BANGKA SELATAN,108.129197,-2.999222,0.42
1293,MGR037,KB HARAPAN BUNDA,Sekolah / Kampus,BELITUNG TIMUR,PANGKAL PINANG,BANGKA SELATAN,108.121088,-2.99667,1.04
